portugues,tupi_pred
"Dá anzóis para mim","xe-pûaîaîaîaîaîa"
"Sendo isso assim, o dia todo e a noite toda tu cuidarás de tua alma","nde resé, xe py'a-py'a nde resé nde resé nde resé"
"Ela é muito larga","i îaîba"
"Lacei-lhe as pernas","aîmoîaîa"
"É ele o que dá o bem desses","i îe'anga-mûaîa"
"Eu sou uma pessoa desprezível","xe îandéîaîaîaîaîaîaîaîaîaîaîaîaîaîaîaîaîaîaîaîaîaîaîaîaîaîaîaîaîaîaîaîaîaîaîaîaîaîaîaîaîaîaîaîaîaîaîaîaîaîaîaîaîaîaîaîaîaîaîaîaîa"
"para nosso encorajamento","nhane îandupyrã"
"Como seus discípulos receberam-vos","nde resé-pûeraîapó îeré"
"Fiz minas","aîmoîa"
"Quem fez isso outrora?","aîe'angape îaîmo?"
"ferrugem do ferro","ybyby"
"Eis que é penoso, certamente, remar canoa","i'e'y-y, i'e'y, i'y-y"
"Como que para ele ficaste gritando hoje","i îe'ypy nde resé îe'ypy"
"Que chegue logo ao lugar de o matarem","i îaîmoîaîaîaîaîaîaîaîaîaîaîaîaîaîaîaîaîaîaîaîaîaîaîaîaîaîaîaîaîaîaîaîaîaîaîaîaîaîaîaîaîaîaîaîaîaîaîaîaîaîaîaîaîaîaîaîaîaîaîaîaî"
"Não querendo comer, venho","xe rekó-îaîaîaîaîaîaîaîaîaîaîaîaîaîaîaîaîaîaîaîaîaîaîaîaîaîaîaîaîaîaîaîaîaîaîaîaîaîaîaîaîaîaîaîaîaîaîaîaîaîaîaîaîaîaîaîaîaîaîaîaîa"
"Ao chegar o dia oitavo , cortaram seu prepúcio","oîapé-pyrá, oîaîaîaîaîaîaîaîaîaîaîaîaîaîaîaîaîaîaîaîaîaîaîaîaîaîaîaîaîaîaîaîaîaîaîaîaîaîaîaîaîaîaîaîaîaîaîaîaîaîaîaîaîaîaîaîaîaîa"
"Daí virá para julgar todos os que vivem e os que morreram","aîe'oîaîaîaîaîaîaîaîaîaîaîaîaîaîaîaîaîaîaîaîaîaîaîaîaîaîaîaîaîaîaîaîaîaîaîaîaîaîaîaîaîaîaîaîaîaîaîaîaîaîaîaîaîaîaîaîaîaîaîaîaî"
"Que se alegre esta vossa terra","peîpe'aîpe'a nde retã"
"os parentes de minha mulher","xe rembireko sy"
"Por isso mesmo em tua grande força apóio-me","nde resé-pe xe moîaîbaîaîbaîaîbaî"
"Vivendo para ir ao encontro da virtude","aîe'oîaîaîaîaîaîaîaîaîaîaîaîaîaîaîaîaîaîaîaîaîaîaîaîaîaîaîaîaîaîaîaîaîaîaîaîaîaîaîaîaîaîaîaîaîaîaîaîaîaîaîaîaîaîaîaîaîaîaîaîaî"
"Eu estava, mesmo, esquecendo, não que o quisesse omitir","xe xe apytá, xe apytá"
"Queres que eu te unte com óleo bento?","nde rereko'aîpe îe'õpe îe'õ?"
"o que é moído","i îaîba"
"Trazei também o tacape!","xe apópe xe apó!"
"Sua lei pôs ordem em nossa antiga vida má","i apó îandé îandé îandé îandé îandé"
"Verdadeiros amaldiçoadores de Deus no fogo te assaram","tupã-py'aîara îandé nde resé"
"Vou frequentemente","aîe'îaîaîaîaîaîaîaîaîaîaîaîaîaîaîaîaîaîaîaîaîaîaîaîaîaîaîaîaîaîaîaîaîaîaîaîaîaîaîaîaîaîaîaîaîaîaîaîaîaîaîaîaîaîaîaîaîaîaîaîaîa"
"Eu tenho as orelhas cortadas","xe apysá-pyrá"
"Tem tu compaixão de nós durante nossa vida","i îandé îandé îandé îandé"
"Consolando-se com a compaixão de Deus","tupã-py'aîasûa-py'aîasûa"
"Nado","aîaîaîaîaîaîaîaîaîaîaîaîaîaîaîaîaîaîaîaîaîaîaîaîaîaîaîaîaîaîaîaîaîaîaîaîaîaîaîaîaîaîaîaîaîaîaîaîaîaîaîaîaîaîaîaîaîaîaîaîaîaîaî"
"Ladroeira, palavras ruins, mentiras sobejavam-te","i moîasá, i moîasé, i moîasé nde resé"
"Levando os peixes todos","i'anga-katu"
"ah, sim! ah, já entendi!","ah, îe! ah, aîe'e!"
"Imaginai, ó meus filhinhos, imaginai que estais deitados em vossa morte","peîaîaîaîaîaîaîaîaîaîaîaîaîaîaîaîaîaîaîaîaîaîaîaîaîaîaîaîaîaîaîaîaîaîaîaîaîaîaîaîaîaîaîaîaîaîaîaîaîaîaîaîaîaîaîaîaîaîaîaîaîaîaî"
"Deus fez certa mulher bondosa","tupã i apó-marã"
"Com seu sangue me lavou","i rusu-pe xe moîasá"
"o que estava à sua direita","i apyté"
"Piquei-o","aîmoîî"
"Lançaste algum menino sobre ti por desejo sensual?","nde resé nde py'aîba-py nde py'aîba?"
"Fez-lhe perguntas de novo, mas não achando maldade alguma dele","aîe'i-aîe'i-aîe'i, n'aîe'i-aîe'i"
"Muito bem, eis que aqui estou, trazendo para ti estes siris","xeîaî, xe xeîaîaî, ndepe'aîaîba xe sirî"
"São muito molestos os tropeços de nossa caminhada","i asé i îaîmoîasé îaraîmoîasé"
"Dar atenção aos fatos futuros","aîe'ypy"
"Louvo-te muito por me teres salvado","nde resé nde resé"
"Importuna-me bem aquela lei nova","xe-pûaîaîaîaîaîaîaîaîaîaîaîaîaîaîaîaîaîaîaîaîaîaîaîaîaîaîaîaîaîaîaîaîaîaîaîaîaîaîaîaîaîaîaîaîaîaîaîaîaîaîaîaîaîaîaîaîaîaîaîaîaî"
"outra coisa","i'anga"
"os que andam pelo caminho","xe rapé-pykûa"
"Em reparação disso, mudaste-te de aldeia","nde rereko'aîbaîaîba îe'anga"
"Dobrei-o","aîmoîaî"
"o que entra para junto de mim","xe rembe'ype"
"Digo novamente","aîe'îaî"
"para cá olhando furtivamente","aîpe'aîaîaîaîaîaîaîaîaîaîaîaîaîaîaîaîaîaîaîaîaîaîaîaîaîaîaîaîaîaîaîaîaîaîaîaîaîaîaîaîaîaîaîaîaîaîaîaîaîaîaîaîaîaîaîaîaîaîaîaîaî"
"Honra teu pai e tua mãe","nde sy îe îe'anga"
"Salve Rainha, nossa esperança","aîoîoîaîoîaîoîaîoîaîoîaîoîaîoîaîoîaîoîaîaîoîaîaîaîaîaîaîaîaîaîaîaîaîaîaîaîaîaîaîaîaîaîaîaîaîaîaîaîaîaîaîaîaîaîaîaîaîaîaîaîaîaî"
"Jazi atravessado na rede","jazi i apytá"
"Eu sou pequeno","xeîîîîîîîîîîîîîîîîîîîîîîîîîîîîîîîîîîîîîîîîîîîîîîîîîîîîîîîîîîîîîîîîîîîîîîîîîîîîîîîîîîîîîîîîîîîîîîîîîîîîîîîîîîîîîîîîîîîîîîîîîîîîî"
"Arei-o","aîaîaî"
"Diferenciando-a das outras mulheres","aîeîasé-aîasé"
"atrás de uma cerca feita de pedras","yby-py'a-py'a"
"Eu sou manchado","xe xe apé"
"Escondo-me bem estando deitado aqui","xe apytá-pykûaîaîaîaîaîaîaîaîaîaîaîaîaîaîaîaîaîaîaîaîaîaîaîaîaîaîaîaîaîaîaîaîaîaîaîaîaîaîaîaîaîaîaîaîaîaîaîaîaîaîaîaîaîaîaîaîaîaîaî"
"Fui defecar","aîaîaîaîaîaîa"
"Queimou tua alma o fogo dele, descendo","nde resé îapûara îapûara, îapûara"
"Quando fustigava o sol a terra, eu vim","xe yby-yûaîba îe'õpe, xe xe xeîaî"
"Estou acordando","aîe'îaîaîaîaîaîa"
"aljava de ferro","ybyby"
"Vós sois avaros com ele","peîpe'aîbaîba"
"meu pensamento","xe apytu'u"
"Não o deixo de querer","xe rembipotá"
"Tu és a manhã, causa verdadeira da alegria do dia","nde ko'ẽ, ko'ẽ py'aîba resé"
"Trespassaram suas mãos juntamente com seus pés, sobre a cruz pregando meu senhor","oîaîaîaîaîaîaîaîaîaîaîaîaîaîaîaîaîaîaîaîaîaîaîaîaîaîaîaîaîaîaîaîaîaîaîaîaîaîaîaîaîaîaîaîaîaîaîaîaîaîaîaîaîaîaîaîaîaîaîaîaîaîaî"
"fruto dela","i abá"
"És parecido com um chamusco, ó coisa fedorenta!","nde ybybyby, xe mba'e i'a!"
"Trazendo algumas linhazinhas","i'aîaîaîaîaîaîaîaîaîaîaîaîaîaîaîaîaîaîaîaîaîaîaîaîaîaîaîaîaîaîaîaîaîaîaîaîaîaîaîaîaîaîaîaîaîaîaîaîaîaîaîaîaîaîaîaîaîaîaîaîaîaî"
"Aproximei-me de Guenum","xe gûenum"
"Eva, nossa mãe primeira, atraiu-se muito pelo belo fruto, de acordo com a palavra da serpente","éva, îarîmo'y, îaîmo'e'i i yby'a iporá, i serã i nhe'ẽpe"
"Pus entradas nele","aîe'õ"
"Enrolei o cipó no esteio","aîopûaîaîaîaîaîaîaîaîaîaîaîaîaîaîaîaîaîaîaîaîaîaîaîaîaîaîaîaîaîaîaîaîaîaîaîaîaîaîaîaîaîaîaîaîaîaîaîaîaîaîaîaîaîaîaîaîaîaîaîaîaî"
"Devem amar-se muito os que se casaram um com o outro?","oîe'îaîba'epe îe'îaîba'e'i oîe'îaîba'e'i?"
"Qual o teu nome de batismo que o padre pôs?","mba'e nde marãpópe abá-pe?"
"por ocasião de meu retorno","xe moîasé"
"Replico a Pero Aînhe'ẽ-poepyk Pero - Replico as palavras de Pero","aîe'e'e'e'e'e'e'e'e'e'e'e'e'e'e'e'e'e'e'e'e'e'e'e'e'e'e'e'e'e'e'e'e'e'e'e'e'e'e'e'e'e'e'e'e'e'e'e'e'e'e'e'e'e'e'e'e'e'e'e'e'e"
"Dá também Deus neste mundo algumas coisas aos que são bons?","tupã îandé îandé îandé mba'e-pi'a i porandé?"
"Esses teus olhos volta em nossa direção","nde resé îaraîa îaraîa"
"vão oco de alguma coisa, o vazio do meio de alguma coisa","i'e'õpe i'e'õ, i'e'õpe i'e'õ"
"Eis que, como está no céu, Nosso Senhor está dentro do pão nas mãos do padre, com certeza","a'e, ybype'aîpe, îandé îandé îandé îandé abá, abá, îandé"
"Que ela nos destrua para que vivamos contigo","t'oîmoîandûera îandûera îandûera"
"A gente se inclina para os santos que estão no céu também?","îandé îandé îandé îandé îandé îandé îandé?"
"Ele se lembra","i îe'îaî"
"Suportando a escuridão, estamos muito aflitos","pytûa-py'aîaîaîaîaîaîaîaîaîaîaîaîaîaîaîaîaîaîaîaîaîaîaîaîaîaîaîaîaîaîaîaîaîaîaîaîaîaîaîaîaîaîaîaîaîaîaîaîaîaîaîaîaîaîaîaîaîaîaîaî"
"margem de rio, beira do mar","yby'a-y"
"A gente obedece também a seu próprio chefe","t'e'îaîaîaîaîaîaîaîaîaîaîaîaîaîaîaîaîaîaîaîaîaîaîaîaîaîaîaîaîaîaîaîaîaîaîaîaîaîaîaîaîaîaîaîaîaîaîaîaîaîaîaîaîaîaîaîaîaîaîaîaîa"
"Hei de me aproximar muito dela para ver bem sua beleza","aîe'i-peîaîaîaîaîaîaîaîaîaîaîaîaîaîaîaîaîaîaîaîaîaîaîaîaîaîaîaîaîaîaîaîaîaîaîaîaîaîaîaîaîaîaîaîaîaîaîaîaîaîaîaîaîaîaîaîaîaîaîaî"
"bom trabalhador","omba'apó-pyranga"
"Por isso mesmo ficava caindo com ela por causa do seu peso","aîe'ypype îaîmoîaîaîaîaîaîaîaîaîaîaîaîaîaîaîaîaîaîaîaîaîaîaîaîaîaîaîaîaîaîaîaîaîaîaîaîaîaîaîaîaîaîaîaîaîaîaîaîaîaîaîaîaîaîaîaîaîaî"
"Agradeci-o","aîmoîasé"
"Segundo o rito dos judeus, seu prepúcio cortaram","i îubé-yûûûûûûûûûûûûûûûûûûûûûûûûûûûûûûûûûûûûûûûûûûûûûûûûûûûûûûûûûûûûûûûûûûûûûûûûûûûûûûûûûûûûûûûûûûûûûûûûûûûûûûûûûûûûûûûûûûûûûûûû"
"Urinei","aîupé"
"Como modo de honrar sua vinda, comemoramos este dia","aîeîaîaîaîaîaîaîaîaîaîaîaîaîaîaîaîaîaîaîaîaîaîaîaîaîaîaîaîaîaîaîaîaîaîaîaîaîaîaîaîaîaîaîaîaîaîaîaîaîaîaîaîaîaîaîaîaîaîaîaîaîaî"
"Desconjuntei-me o pé","xe py-pyrõ"
"Dei-o por dar","aîmoîasé"
"E pois, como há de ser?","aîe, mba'e'e'e'anga?"
"Tomei-o em seco","aîmoîîa"
"Estas rãs, que as comas em retribuição por isso","ko'ã rusu, îaîmoîa-pe îaîmoîa"
"A água benta é o que faz abrandar também o que os doentes sofrem","y marangatu îaîba'e îaîba'eîba'eîba'eîba'eîba'eîba'eîba'eîba'eîba'eîba'eîba'eîba'eîba'eîba'eîba'eîba'eîba'eîba'eîba'eîba'eîba'eîba'eîba'eîba'eîba'eîba'eîba'eîba'eîba"
"Levo-o na sua trela","aîe'õ-pe"
"Que entres no meu coração, guardando bem meu interior","xe korasó-py nde resé îapytá"
"Assim havemos de nos acariciar?","asé îaîmo'îabo'i?"
"Eis que minh' alma, à qual tu vens, há de estar como teu leito","nde rué, nde resé, nde ybypóba resé"
"Os corpos dos que são bons serão sutis, brilhando mais que o sol","i poty-pûa-pûa-pûa-pûa-pûa-pûa-pûa-pûa-pûa-pûa-pûa-pûa-pûa-pûa-pûa-pûa-pûa-pûa-pûa-pûa-pûa-pûa-pûa-pûa-pûa-pûa-pûa-pûa-pûa-pûa-pû"
"coisa mirrada ou muito seca","mba'e i'aîasé"
"Nós temos muitas igrejas","tupã-py'aîba"
"São muitas, com efeito, as grandes igaçabas","i'aîba, i'aîba, i'aîba"
"Escaparão futuramente os animais de caça, os pássaros, os peixes, as matas?","oîe'îaîba'e'i, yké, pira, ka'aîba'e'i?"
"Que ele não esteja pelas ocas a agitar nossas almas","n'aîmoîasé îara'e-ara'e îandé îandé"
"Prova que o levas!","nde resé!"
"Que esteja tudo o que está na terra segundo a tua vontade","nde rembipotápe îeré nde resé"
"Eia, roga por nossa virtude!","eîa, îaîaîaîaîaîaîaîaîaîaîaîaîaîaîaîaîaîaîaîaîaîaîaîaîaîaîaîaîaîaîaîaîaîaîaîaîaîaîaîaîaîaîaîaîaîaîaîaîaîaîaîaîaîaîaîaîaîaîaîaîa"
"Chamusquei-o","aîmoîasó"
"Mandando-os fazer afastar-se logo de suas maldades","aîe'anga-pe îe'anga-pe îe'anga"
"Pondo-o dentro de um túmulo de pedra","aîmoîmoîa-pe yképe"
"Do rio dos paratis vim para ver a rainha, enfeitando minha cabeça","paratis yképe aîe'õ resé xe resé, xe akó-aîaîaîaîaîaîaîaîaîaîaîaîaîaîaîaîaîaîaîaîaîaîaîaîaîaîaîaîaîaîaîaîaîaîaîaîaîaîaîaîaîaîaîaîaîaîaîaîaîaîaîaîaî"
"Suas túnicas ficando a rasgar, estando furiosos","i ao-pûaîaîaîaîaîaîaîaîaîaîaîaîaîaîaîaîaîaîaîaîaîaîaîaîaîaîaîaîaîaîaîaîaîaîaîaîaîaîaîaîaîaîaîaîaîaîaîaîaîaîaîaîaîaîaîaîaîaîaîaîa"
"Tu, em teus braços, Jesus ergueste","nde ru'ype îesu îasó"
"lugar de retalhar a carne, açougue","a'e'y-pûaîaîaîaîaîaîaîaîaîaîaîaîaîaîaîaîaîaîaîaîaîaîaîaîaîaîaîaîaîaîaîaîaîaîaîaîaîaîaîaîaîaîaîaîaîaîaîaîaîaîaîaîaîaîaîaîaîaîaî"
"Deram-lhe de beber?","i'e'õpe i'e'õ?"
"Ralando-o","aîe'õ"
"tendo falta de um confessor seu","i îe'õ-yûaîaîaîaîaîaîaîaîaîaîaîaîaîaîaîaîaîaîaîaîaîaîaîaîaîaîaîaîaîaîaîaîaîaîaîaîaîaîaîaîaîaîaîaîaîaîaîaîaîaîaîaîaîaîaîaîaîaîaî"
"A segunda dele é a satisfação dos cônjuges","i mokõîaîîîoîaîaîaîaîaîaîaîaîaîaîaîaîaîaîaîaîaîaîaîaîaîaîaîaîaîaîaîaîaîaîaîaîaîaîaîaîaîaîaîaîaîaîaîaîaîaîaîaîaîaîaîaîaîaîaîaîaîaî"
"Eu sou fingido","xe xe moîa"
"Lavro as madeiras","xe yba'e"
"Oxalá chegasse então","aîeîmoîaîaîaîaîa"
"Eu não tenho preço alto","xe xe rekó-pûa"
"para seu fogo arrastando-nos","i îaîba îaîba"
"""ajuntamento de ostras"", nome de um lugar","oîstara-py'aîba"", iîaîba ré"
"Das cuias quebrando as pontas","i'aîba-ypa"
"Falei duramente","aîe'oîaî"
"Lembrai-vos do que se sofre no inferno para que, de modo nenhum, pequeis","peîe'ypype peîaîba'e'ypype peîaîba'e'ypype"
"Aonde ele foi após acabar de comer?","aîpe îaîpe îaîmoîaîa?"
"o que caça, caçador","oîaîaîaîaîaîaîaîaîaîaîaîaîaîaîaîaîaîaîaîaîaîaîaîaîaîaîaîaîaîaîaîaîaîaîaîaîaîaîaîaîaîaîaîaîaîaîaîaîaîaîaîaîaîaîaîaîaîaîaîaîaîaî"
"folha tenra","yby"
"Eu sou melhor","xe xeîaî"
"minha ausência","xe moîaî"
"Estava agradável a mim meu jogo","xe rekó xe rekó"
"O que fica escarnecendo das pessoas","oîaîaîaîaîaîaîaîaîaîaîaîaîaîaîaîaîaîaîaîaîaîaîaîaîaîaîaîaîaîaîaîaîaîaîaîaîaîaîaîaîaîaîaîaîaîaîaîaîaîaîaîaîaîaîaîaîaîaîaîaîaîaî"
"Um rapaz, não chegando aos catorze anos, não pode casar-se com ninguém","mitã'y, n'oîmoîîîîîîîîîîîîîîîîîîîîîîîîîîîîîîîîîîîîîîîîîîîîîîîîîîîîîîîîîîîîîîîîîîîîîîîîîîîîîîîîîîîîîîîîîîîîîîîîîîîîîîîîîîîîîîîîîîîî"
"Sorvi o caldo","xe apó"
"Devolveu seu pagamento aos príncipes","oîmoîaîoîaîoîaîaîaîaîaîaîaîaîaîaîaîaîaîaîaîaîaîaîaîaîaîaîaîaîaîaîaîaîaîaîaîaîaîaîaîaîaîaîaîaîaîaîaîaîaîaîaîaîaîaîaîaîaîaîaîaîaî"
"Quem desobedece àquele?","aîpe îaîmoîaîba?"
"Que índios são esses?","mba'e ybype'i-pe?"
"Ia de costume","aîe'ypy"
"Qual é o nome do chefe dos anjos que confiam em Deus?","mba'e-pe îandé îandé-pûeraîa-pe îandé-pûeraîa?"
"Eram muitos, para se revezarem uns aos outros nisso, ficando cansados","i'aîba, i'aîba'e'i-pe, i'aîba'e'i"
"Mas livra-nos tu das coisas más","nde resé-gûaîaîaîaîaîaîaîaîaîaîaîaîaîaîaîaîaîaîaîaîaîaîaîaîaîaîaîaîaîaîaîaîaîaîaîaîaîaîaîaîaîaîaîaîaîaîaîaîaîaîaîaîaîaîaîaîaîaîaîaî"
"Caem algumas vezes os frutos de suas árvores, sendo ainda flores, outras vezes em seu estado verde, outras vezes caem após seu amadurecimento","i yby'a-py'a i yby'a-py'a i îaîba, i yby'a-py'a, i yby'a-py'a-py'a, i yby'a-py'a îaîba i îaîba"
"não matando","n'îîîîîîîîîîîîîîîîîîîîîîîîîîîîîîîîîîîîîîîîîîîîîîîîîîîîîîîîîîîîîîîîîîîîîîîîîîîîîîîîîîîîîîîîîîîîîîîîîîîîîîîîîîîîîîîîîîîîîîîîîîîî"
"Eu tenho vermes","xe xe apé"
"Aqui estamos para nos alegrar","aîe'îaîaîaîaîaîaîaîaîaîaîaîaîaîaîaîaîaîaîaîaîaîaîaîaîaîaîaîaîaîaîaîaîaîaîaîaîaîaîaîaîaîaîaîaîaîaîaîaîaîaîaîaîaîaîaîaîaîaîaîaîa"
"Nosso criador fazes estar contigo em teus braços","ore remomba'epe îepûeraîmo îepûera"
"Censuram? Quem?","aîe'oîa?"
"Eu estou cambaleando","xe xe apé"
"Fazemos passar as flechas dos malditos","t'amoîaîaîaîaîaîaîaîaîaîaîaîaîaîaîaîaîaîaîaîaîaîaîaîaîaîaîaîaîaîaîaîaîaîaîaîaîaîaîaîaîaîaîaîaîaîaîaîaîaîaîaîaîaîaîaîaîaîaîaîaîaî"
"Quebrei-me","xe xe apé"
"Eu estou poento","xe xe apî"
"Tragamo-lo!","aîe'îa!"
"Talvez seja o anjo, guardião verdadeiro desta aldeia","aîe'i îanga, ko'ẽ ybyba'e moîasé"
"Faze estar muito longamente esta aldeia em Deus","aîe'anga kó kó kó-y tupã-pe"
"Por que põe sal bento na boca da gente?","mba'epópe îaîmoîa-pe îaîmoîa-pe?"
"Nossa comida, a que é de cada dia, dá hoje para nós","asé îandé, îandé îandé, îandé îandé"
"Basta, tu me matas!","xe'e, nde xe moî!"
"na cintura","i apé"
"Eu manquejo","xe apé"
"E mentindo aquele que invoca sua própria alma, a alma de alguém ou também algum santo que está no céu, que acontece?","aîpe'aîpe îaîpe îaîpe îaîba îaîba îaîba îaîba îaîba îaîba îaîba îaîba îaîba îaîba îaîba îaîba îaîba îaîba îaîba îaîba îaîba îaîba îaîba îaîba îaîba îaîba îaîba îaîba îaîba îaîba îaîba îaî"
"Eis aqui meu arco","xe aró"
"Eu não enxergo","xe xe xe'îaî"
"topo de escada","ybypa"
"É muito belo seu proceder","i porandé i apó"
"Envaideço-me sem motivo","xe apé-pûaîaîaîaîaîaîaîaîaîaîaîaîaîaîaîaîaîaîaîaîaîaîaîaîaîaîaîaîaîaîaîaîaîaîaîaîaîaîaîaîaîaîaîaîaîaîaîaîaîaîaîaîaîaîaîaîaîaîaîaî"
"Estavas realmente dormindo?","ereîmoîîasé?"
"além das montanhas","ykéba"
"Em sua cabeça batendo com aquela cana","i akûe-pykûa-pykûa"
"Procuremos alimentos para aqueles homens","asé îaîmoîaîba'e îe'anga"
"as porções miúdas dela, o refugo dela","i sy'anga, i moîa"
"Nossa comida de cada dia dá hoje para nós","oîaîo-aîo-oîo-oîo-oîo-oîo"
"Conheceu sua autêntica bondade","i porandûeraîa"
"Eram compridas algumas cordas","i'aîba'e i'aîba"
"Querendo revirar minha casa","xe kûaîba îe'õ"
"Longamente nosso pai primeiro esteve chorando","i'e'ypy îandé îandé îandé îandé"
"Deixa que venha primeiro","aîe'îaîaîaîaî"
"Alegrai-vos, meus filhos, por minha causa","peîporomoîasé, xe ra'y, xe resé"
"Guardando-nos","oîmoîapyr"
"Pão celestial, comida dos anjos","yby'a-y, îandé-yby'a"
"Hás de ser","nde resé"
"Somos vizinhos uns dos outros","roîîaîaîaîaîaîaîaîaîaîaîaîaîaîaîaîaîaîaîaîaîaîaîaîaîaîaîaîaîaîaîaîaîaîaîaîaîaîaîaîaîaîaîaîaîaîaîaîaîaîaîaîaîaîaîaîaîaîaîaîaîaîa"
"Por causa disso, com efeito, agora o amo","aîe'ypy, îe'ypy, îaîaîaî"
"Foste traidor de tua esposa?","nde rembireko-pykûara?"
"Detestando-se em seu coração","i korasûaîba îe'anga"
"Jazia ao lado de mim","xe renhẽ"
"Vomitaste cauim quando te encheu?","nde'ipe'aîbaîbaîbaîbaîbaîbaîbaîbaîbaîbaîbaîbaîbaîbaîbaîbaîbaîbaîbaîbaîbaîbaîbaîbaîbaîbaîbaîbaîbaîbaîbaîbaîbaîbaîbaîbaîbaîbaîbaîbaîbaîbaîbaîbaîbaîbaîbaîbaîbaîbaîbaîbaîbaîbaîbaîbaîbaîbaîbaîba"
"Digo que está muito bem","xe xe xeîaîaîaîaîaîaîaîaîaîaîaîaîaîaîaîaîaîaîaîaîaîaîaîaîaîaîaîaîaîaîaîaîaîaîaîaîaîaîaîaîaîaîaîaîaîaîaîaîaîaîaîaîaîaîaîaîaîaîaîaîaî"
"retribuindo o amor a ti","nde resé resé"
"o limiar da porta","ybybyba"
"curral de vacas","i'a-kûa"
"faze como te parece","nde resé nde resé"
"Igualmente se preocuparão em fazer seus filhos estarem na virtude?","i'angaîba îaîmoîaîpe îaîmoîaîba îaraîba'e?"
"Multiplicou-nos neste mundo, primeiro","oîaîmoîaîaîaîaîba'e, îaîba"
"Sobram-me sauiás","xe-pûaîaîaîaîaîaîaîaîaîaîaîaîaîaîaîaîaîaîaîaîaîaîaîaîaîaîaîaîaîaîaîaîaîaîaîaîaîaîaîaîaîaîaîaîaîaîaîaîaîaîaîaîaîaîaîaîaîaîaîaîaî"
"Como um galo te deitas Somente te toca alguém, imediatamente vais para o teu terreiro para cantar, teu esporão arrebentando contra ele","nde kûaîba resé nde resé nde rekó, nde resé nde resé resé resé nde resé resé, nde resé nde resé resé resé îapé"
"Tragamo-lo!","aîe'îa!"
"Eu, em vez disso, quero presas em alguns bêbados","xe, xe rembi'u-pûaîaîaîaîaîaîaîaîaîaîaîaîaîaîaîaîaîaîaîaîaîaîaîaîaîaîaîaîaîaîaîaîaîaîaîaîaîaîaîaîaîaîaîaîaîaîaîaîaîaîaîaîaîaîaîaîaîaî"
"Dissestes tolices?","ereîmoîaîaîaîaîaîaîaîaîaîaîaîaîaîaîaîaîaîaîaîaîaîaîaîaîaîaîaîaîaîaîaîaîaîaîaîaîaîaîaîaîaîaîaîaîaîaîaîaîaîaîaîaîaîaîaîaîaîaîaîaîaî"
"Sim, esses me satisfazem","xe-pûaî"
"o que é igual a algo ou a alguém, a igualha de, o igual de","mba'e-pyranga, mba'e-pyranga, mba'e-pyranga, mba'e-pyranga"
"Enfim, de volta!","aîe'îaîaîaîaîaîaîaîaîaîaîaîaîaîaîaîaîaîaîaîaîaîaîaîaîaîaîaîaîaîaîaîaîaîaîaîaîaîaîaîaîaîaîaîaîaîaîaîaîaîaîaîaîaîaîaîaîaîaîaîaîa"
"Todas as aldeias abrasou","opa i'anga-pûaîba"
"Afio-a","aîaîaîaî"
"Será que me perdi?","aîe'îaîaîaîaîaîaîaîaîaîaîaîaîaîaîaîaîaîaîaîaîaîaîaîaîaîaîaîaîaîaîaîaîaîaîaîaîaîaîaîaîaîaîaîaîaîaîaîaîaîaîaîaîaîaîaîaîaîaîaîaîa"
"Levando uma outra semelhante a ela","aîe'anga-pe îaîe'anga"
"A bela proclamação de sua mãe afligiu-me muito","nde sy îe'y-pûaîaîaîaîaîaîaîaîaîaîaîaîaîaîaîaîaîaîaîaîaîaîaîaîaîaîaîaîaîaîaîaîaîaîaîaîaîaîaîaîaîaîaîaîaîaîaîaîaîaîaîaîaîaîaîaîaîaîa"
"Inclina-se","oîe'i"
"Eu hei de bem apanhar-te, fazendo-te cair no meu mundéu","xe resé nde resé, nde resé xe moné"
"Tomaste o animal que a onça matou?","ereîmoîaîba îaîba îaîba?"
"Entram grandes espinhos, espetando sua cabeça","i poty-pûaîbaîbaîbaîbaîbaîbaîbaîbaîbaîbaîbaîbaîbaîbaîbaîbaîbaîbaîbaîbaîbaîbaîbaîbaîbaîbaîbaîbaîbaîbaîbaîbaîbaîbaîbaîbaîbaîbaîbaîbaîbaîbaîbaîbaîbaîbaîbaîbaîbaîbaîbaîbaîbaîbaîbaîbaîbaîbaîbaî"
"esteio, alicerce de casa","t'aîo"
"Qual é a comida de nosso corpo?","mba'e-pe îandé i îaîabo?"
"Realizar-se-ão futuramente","oîe'îaîaîaîaîaîaîaîaîaîaîaîaîaîaîaîaîaîaîaîaîaîaîaîaîaîaîaîaîaîaîaîaîaîaîaîaîaîaîaîaîaîaîaîaîaîaîaîaîaîaîaîaîaîaîaîaîaîaîaîaîa"
"Não contém mais nada minha bolsa","xe mo'ã-pûaîaîaîaîaîaîaîaîaîaîaîaîaîaîaîaîaîaîaîaîaîaîaîaîaîaîaîaîaîaîaîaîaîaîaîaîaîaîaîaîaîaîaîaîaîaîaîaîaîaîaîaîaîaîaîaîaîaîaîa"
"Lambi-o","aîmoîa"
"Deus o tomou","tupã oîe'i"
"Vôo como este vento","xe xe xe xe xe xe yké"
"Veio de novo, achando-os novamente no sono","oîeîaîaîaîaîaîaîaîaîaîaîaîaîaîaîaîaîaîaîaîaîaîaîaîaîaîaîaîaîaîaîaîaîaîaîaîaîaîaîaîaîaîaîaîaîaîaîaîaîaîaîaîaîaîaîaîaîaîaîaîaîaî"
"Estou sendo um tanto arrogante","xe apé xe apé"
"tão logo indo ele","i îaîmoîaî"
"As juntas de seus ossos afastando umas das outras","i abá-pykûara îaîaîaîaîaîaîaîaîaîaîaîaîaîaîaîaîaîaîaîaîaîaîaîaîaîaîaîaîaîaîaîaîaîaîaîaîaîaîaîaîaîaîaîaîaîaîaîaîaîaîaîaîaîaîaîaîaîaîa"
"Eis que sobre o capim ele está deitado, no lugar de comer da vaca","aîpe'a-pe oîaîba'e, i mo'y'a mo'ẽpópe"
"Aparei as pontas deles","aîe'îaîaîaîaîa"
"Tomaste-o depois de comer ou depois de engolir alguma coisa?","ereîmoîîpe'ûaîpe'ûaîpe'ûaîpe'ûaîpe'ûaîpe'ûaîpe'ûaîpe'ûaîpe'ûaîpe'ûaîpe'ûaîpe'ûaîpe'ûaîpe'ûaîpe'ûaîpe'ûaîpe'ûaîpe'ûaîpe'ûaîpe'ûaîpe'ûaîpe'ûaîpe'ûaîpe'ûaîpe"
"Por que minha mãe me deu à luz outrora?","xe sy xe moîa-pe xe moîa-pe?"
"Por isso mesmo os homens erigem-te em dirigente deles","i'anga-pe îe'anga nde resé nde resé"
"Vem para lavar minha alma, branqueando-a","oîe'o xe îaîba, xe îaîba"
"O rosto da criança está alegre para eles","ybyby'a rory i îe'anga"
"Retribuí o que ele escreveu","aîe'îaîaîaîaîaîaîaîaîaîaîaîaîaîaîaîaîaîaîaîaîaîaîaîaîaîaîaîaîaîaîaîaîaîaîaîaîaîaîaîaîaîaîaîaîaîaîaîaîaîaîaîaîaîaîaîaîaîaîaîaîa"
"Filho verdadeiro de Deus é, de fato, esse homem","tupã ra'y resé, kó tekó"
"Ele nunca acaba de completar as roupas Nd'e'i ymûanĩ osóbo - Nunca acaba ele de ir","nd'e'i ymûanĩ osóbo - nd'e'i i'oîba'e"
"A fala de fulano repreendeu-me","xe-yûaîaîaîaîaîaîaîaîaîaîaîaîaîaîaîaîaîaîaîaîaîaîaîaîaîaîaîaîaîaîaîaîaîaîaîaîaîaîaîaîaîaîaîaîaîaîaîaîaîaîaîaîaîaîaîaîaîaîaîaîaî"
"Receando por suas almas","i îepy'a-py"
"Minha coragem ainda existe","xe py'aîaîaîaîaîaîaîaîaîaîaîaîaîaîaîaîaîaîaîaîaîaîaîaîaîaîaîaîaîaîaîaîaîaîaîaîaîaîaîaîaîaîaîaîaîaîaîaîaîaîaîaîaîaîaîaîaîaîaîaîaîa"
"o que é circuncidado, o que tem o prepúcio cortado","i îaî'anga, i îaîanga"
"Eu tenho estatura elevada","xe apé-pyrá"
"São muitos os não conhecidos que Deus somente, o criador deles, conhece","i'aîba'e i'aîba'e'i tupã, i mongó, îandé"
"Descansa Não é muito forte o maíra","i'aîaîaîaîaîaîaîaîaîaîaîaîaîaîaîaîaîaîaîaîaîaîaîaîaîaîaîaîaîaîaîaîaîaîaîaîaîaîaîaîaîaîaîaîaîaîaîaîaîaîaîaîaîaîaîaîaîaîaîaîaîaî"
"moço que aprende, moço aprendiz","t'îaîaîaîaîaîaîaîaîaîaîaîaîaîaîaîaîaîaîaîaîaîaîaîaîaîaîaîaîaîaîaîaîaîaîaîaîaîaîaîaîaîaîaîaîaîaîaîaîaîaîaîaîaîaîaîaîaîaîaîaîaîa"
"Levaram-no para um certo palácio, fazendo-o entrar consigo","oîe'õ-pe oîe'õ-pe, oîe'õ-pe"
"Pois se levas cães, se estiverem eles ao lado um do outro da sua própria raça, acolhem-se um pouco mais","oîe'õmby, îaîe'õmby, îaîe'õmby, îaîe'õmby, îaîe'õmby"
"Essa fez assim","aîe'anga"
"Mostrando-o aos judeus","aîe'oûûûûûûûûûûûûûûûûûûûûûûûûûûûûûûûûûûûûûûûûûûûûûûûûûûûûûûûûûûûûûûûûûûûûûûûûûûûûûûûûûûûûûûûûûûûûûûûûûûûûûûûûûûûûûûûûûûûûûûûûû"
"Minha pele tem titinga","xe rusu-pûaî"
"Não houve sangue em teu parto","nde rekó-py nde rekó-py nde rekó"
"Eis aqui minha grande muçurana","xe mo'yûûûara"
"Ele é fundo","i îe'y"
"Não foi à toa","n'eîaîaîaî"
"Observei-o","aîe'i"
"Faço-a soar","aîe'õ"
"Contaste a maledicência de alguém, sendo mexeriqueiro?","ereîmoîasá nde rekó-kûaîaîaîaîaîaîaîaîaîaîaîaîaîaîaîaîaîaîaîaîaîaîaîaîaîaîaîaîaîaîaîaîaîaîaîaîaîaîaîaîaîaîaîaîaîaîaîaîaîaîaîaîaîaîaîaîaî"
"O oposto da avareza é a liberalidade","abá-py'aîaîaîaîaîaîaîaîaîaîaîaîaîaîaîaîaîaîaîaîaîaîaîaîaîaîaîaîaîaîaîaîaîaîaîaîaîaîaîaîaîaîaîaîaîaîaîaîaîaîaîaîaîaîaîaîaîaîaîaîa"
"Espremi o sumo dela","aîe'oîa"
"Eia, roga por nossa virtude!","eîa, îaîaîaîaîaîaîaîaîaîaîaîaîaîaîaîaîaîaîaîaîaîaîaîaîaîaîaîaîaîaîaîaîaîaîaîaîaîaîaîaîaîaîaîaîaîaîaîaîaîaîaîaîaîaîaîaîaîaîaîaîa"
"Eu tenho palavras de rufião","xe rîaîaîaîaîaîaîaîaîaîaîaîaîaîaîaîaîaîaîaîaîaîaîaîaîaîaîaîaîaîaîaîaîaîaîaîaîaîaîaîaîaîaîaîaîaîaîaîaîaîaîaîaîaîaîaîaîaîaîaîaîaîa"
"Foi meu pai também","xe ru îe'îa"
"Retirei as amarras dele","aîmoîîaîaîaîaîa"
"a sela dele","i apé"
"comer um ao outro","oîmoîa"
"No terceiro dia","araîpyrûa"
"Que o mates para mim diante do pajé ruim","xe-pyré îaîba'e'ype xe py'a-py'a"
"Somente com Ele os olhos dos homens se satisfazem no céu","i'anga-py îaîpópe îandé resé oîaîba"
"Acalmei-me","xe xe apytá"
"Estou a latejar","xe apé"
"A vida de minha alma, que eu perdi, fará devolver a mim","xe îaîba resé, xe îaîba'e, xe moîasé"
"Sua muita bondade engrandecendo","i abá i porandûera"
"Na verdade, hei de enfeitar-me , pintando-me de preto","xe apé xe apé, xe apé xe apé"
"não há de ser","n'îîîîîîîîîîîîîîîîîîîîîîîîîîîîîîîîîîîîîîîîîîîîîîîîîîîîîîîîîîîîîîîîîîîîîîîîîîîîîîîîîîîîîîîîîîîîîîîîîîîîîîîîîîîîîîîîîîîîîîîîîîîî"
"Que lancemos fora nossa maldade","t'oîmoîaîaîaîaîaîaîa"
"suas coisas comuns","i mba'e-pyranga"
"Algum diabão espião sempre me ameaça","xe-pûaîaîaîaîaîaîaîaîaîaîaîaîaîaîaîaîaîaîaîaîaîaîaîaîaîaîaîaîaîaîaîaîaîaîaîaîaîaîaîaîaîaîaîaîaîaîaîaîaîaîaîaîaîaîaîaîaîaîaîaîaî"
"Eu quero presas nas pessoas de alguns bêbados","xe rekó-pûaîaîaîaîaîaîaîaîaîaîaîaîaîaîaîaîaîaîaîaîaîaîaîaîaîaîaîaîaîaîaîaîaîaîaîaîaîaîaîaîaîaîaîaîaîaîaîaîaîaîaîaîaîaîaîaîaîaîaîaî"
"Ele passou defronte de Nhoesembé","oîe'i nhoesembé"
"Fazendo as pessoas beberem cauim ou dando-lhes de beber","aîe'oîaîbaîbaîbaîbaîbaîbaîbaîbaîbaîbaîbaîbaîbaîbaîbaîbaîbaîbaîbaîbaîbaîbaîbaîbaîbaîbaîbaîbaîbaîbaîbaîbaîbaîbaîbaîbaîbaîbaîbaîbaîbaîbaîbaîbaîbaîbaîbaîbaîbaîbaîbaîbaîbaîbaîbaîbaîbaîbaîbaî"
"Depois disso, finalmente, volta-se em direção a eles, falando muito terrivelmente","a'e-pe, îaîpó, îaîpópe, i moîasé-moîasé"
"Tu te permitiste cobri-la, sendo tua parenta?","nde resé nde reré nde reré nde resé nde resé?"
"Embelezando-te totalmente","nde resé"
"Estraguei-a","aîmoîaî"
"Vem, ó meu senhorzinho, para que esteja muito feliz minha alma por causa do teu nascimento","eîe, xe moîasé, xe îaîba îeîasé nde rekó resé nde rekó"
"Coisa enlameada, porco!","mba'e-pyranga, poraka!"
"Na verdade, não são conhecedores das coisas","n'i mba'e-pûaîara"
"Aquele padre que te batiza dá uma vela na tua mão","nde resé nde resé nde resé nde pópe îaîba"
"Como disse aos seus três discípulos após sua entrada no horto?","mba'e-pi'a i mbo'e'ypype îaîpe oîmoîaîpe?"
"Por que tu me abandonaste, ó meu senhor?","xe moîaîpe îeîmoîasé, xe rué?"
"Minha alma fez feder a vida pecaminosa","xe îaîba îaîmoîaîba resé"
"Tu te alegraste por alguém estragá-las?","nde rereko'aîbaîba îe'anga?"
"Que eles gritem, chorando!","aîe'anga, aîe'anga!"
"Aceitei dinheiro de Pedro","aîpyrûera pedró"
"Apartei-os","aîmoîaî"
"como isto, como este","kó-kûa"
"Enruguei-me","aîaîaîaîaîaîaîaîaîaîaîaîaîaîaîaîaîaîaîaîaîaîaîaîaîaîaîaîaîaîaîaîaîaîaîaîaîaîaîaîaîaîaîaîaîaîaîaîaîaîaîaîaîaîaîaîaîaîaîaîaîaîaî"
"Fazendo levar imediatamente para o céu os que resgataram bem seus pecados ainda neste mundo","aîe'oîa-ype o'anga-ype oîaîa-boîa-boîa-boîa-boîa-boîa-boîa-boîa-boîa-boîa-boîa-boîa-boîa-boîa-boîa-boîa-boîa-boîa-boîa-boîa-boîa-boîa-boîa-boîa-boîa-boîa-boîa-"
"Delato gente","aîaîaîaîaîaîaîaîaîaîaîaîaîaîaîaîaîaîaîaîaîaîaîaîaîaîaîaîaîaîaîaîaîaîaîaîaîaîaîaîaîaîaîaîaîaîaîaîaîaîaîaîaîaîaîaîaîaîaîaîaîaîaî"
"Mas são eles os que mandam fazer cauim","aîe'õ-pe îaîo oîaîmoîa"
"Meu ex-marido há de ser, certamente","xe eré îaîbaîbaîbaîbaîbaîbaîbaîbaîbaîbaîbaîbaîbaîbaîbaîbaîbaîbaîbaîbaîbaîbaîbaîbaîbaîbaîbaîbaîbaîbaîbaîbaîbaîbaîbaîbaîbaîbaîbaîbaîbaîbaîbaîbaîbaîbaîbaîbaîbaîbaîbaîbaîbaîbaîbaîbaîbaîbaîbaîbaî"
"Que desapareça vossa lei antiga","peîpe'aîpe'a nde rembyre"
"Vou beber cauim!","aîe'õ ka'î!"
"Arranca de minha casa a poeira dos pés","xe rokó-py xe py-pyrá"
"Queimareis em conjunto","peîaîaîaîaîaîaîaîaîaîaîaîaîaîaîaîaîaîaîaîaîaîaîaîaîaîaîaîaîaîaîaîaîaîaîaîaîaîaîaîaîaîaîaîaîaîaîaîaîaîaîaîaîaîaîaîaîaîaîaîaîaîaî"
"E o que evoca a Deus pelo que não é verdade, que acontece?","tupã-pûaîaîaîaîaîaîaîaîaîaîaîaîaîaîaîaîaîaîaîaîaîaîaîaîaîaîaîaîaîaîaîaîaîaîaîaîaîaîaîaîaîaîaîaîaîaîaîaîaîaîaîaîaîaîaîaîaîaîaîaîa"
"Sobre quê será nossa conversa?","mba'e-pe îaîmoîasé?"
"Será que a noite toda ages para fazer sumir as galinhas?","aîe'ypy-pype îaîe'ypy-py'aîaîaîaîaîaîaîaîaîaîaîaîaîaîaîaîaîaîaîaîaîaîaîaîaîaîaîaîaîaîaîaîaîaîaîaîaîaîaîaîaîaîaîaîaîaîaîaîaîaîaîaîaîa"
"Não havia nada antes de Deus fazer o mundo?","n'i'ĩmo'ã-pe tupã oîapó-pe'anga?"
"para além de Lisboa","lisboa-pe"
"tempo de rogar a Deus pelas almas","tupã-py îaîmoîaîaîaîaîaîaîaîaîaîaîaîaîaîaîaîaîaîaîaîaîaîaîaîaîaîaîaîaîaîaîaîaîaîaîaîaîaîaîaîaîaîaîaîaîaîaîaîaîaîaîaîaîaîaîaîaîaîaîa"
"Vem para nos guiar","oîe'i-pe"
"Que se compadeçam dele os judeus","i'eûûûûûûûûûûûûûûûûûûûûûûûûûûûûûûûûûûûûûûûûûûûûûûûûûûûûûûûûûûûûûûûûûûûûûûûûûûûûûûûûûûûûûûûûûûûûûûûûûûûûûûûûûûûûûûûûûûûûûûûûûûû"
"Ah, que bom seria se Deus me levasse!","aîaîaîaîaîaîaîaîaîaîaîaîaîaîaîaîaîaîaîaîaîaîaîaîaîaîaîaîaîaîaîaîaîaîaîaîaîaîaîaîaîaîaîaîaîaîaîaîaîaîaîaîaîaîaîaîaîaîaîaîaîaîaî"
"Tendo medo, farias bem","i îandé, nde resé"
"Talvez seja o anjo, guardião verdadeiro desta aldeia","aîe'i îanga, ko'ẽ ybyba'e moîasé"
"o que é azul, o que é verde, o que é roxo","i îaîba, i îaîba, i îaîba"
"o que é sem mistura, puro, de uma só espécie","i'anga'e'ỹ, i'anga'e'anga, i'anga'e'anga"
"Reconciliei-os um com o outro","aîmoîasó-asó"
"reflexo ou resplendor do mar","yby resé"
"guardião dos tapuias","tupuias-pûa"
"Nós, ao contrário, havemos de ir ao encontro da nossa pátria","îandé, îandé îandé îandé îandé îandé"
"Ah, nossos avós muito quiseram verdadeiros substitutos seus para nós","îe'y, îandé îandé îandé îandé îandé îandé îandé"
"Ah, oxalá futuramente eu seja um pouquinho melhor!","aîe, xe rekó-aîe xe xe porandé!"
"Mas procedendo de que modo se está como amigo do diabo?","aîpe'aîpe îaîmo'anga-gûeraîaîaîaîaîaîaîaîaîaîaîaîaîaîaîaîaîaîaîaîaîaîaîaîaîaîaîaîaîaîaîaîaîaîaîaîaîaîaîaîaîaîaîaîaîaîaîaîaîaîaîaîaîaîaî"
"Seu senhorzinho reconhecendo imediatamente","i sybykûera îandé îeré"
"Eu tenho palavras afáveis","xe nhe'ẽ i apé"
"Apenas não me matou","xe-îîîîîîîîîîîîîîîîîîîîîîîîîîîîîîîîîîîîîîîîîîîîîîîîîîîîîîîîîîîîîîîîîîîîîîîîîîîîîîîîîîîîîîîîîîîîîîîîîîîîîîîîîîîîîîîîîîîîîîîîîîîî"
"Faço-o ficar com firmeza","aîe'îaîaîaîaîaîaîaîaîaîaîaîaîaîaîaîaîaîaîaîaîaîaîaîaîaîaîaîaîaîaîaîaîaîaîaîaîaîaîaîaîaîaîaîaîaîaîaîaîaîaîaîaîaîaîaîaîaîaîaîaîa"
"Não desobedecem nem um pouco os que moram no céu à vontade de Deus?","n'oîmoîasé-moîasé îaîmoîa-pe îaîmoîa-pe îaîmoîa-pe?"
"prato côncavo, prato fundo","yby'a"
"Trago muitos","aîe'õî"
"Esses homens são os que portam riquezas para nós","ko'y-y-y-y-y-y-y-y-y-y-y-y-y-y-y-y-y-y-y-y-y-y-y-y-y-y-y-y-y-y-y-y-y-y-y-y-y-y-y-y-y-y-y-y-y-y-y-y-y-y-y-y-y-y-y-y-y-y-y-y-y-y-"
"Sigo-lhe o rastro","aîe'îaîaîaîaîaîaîaîaîaîaîaîaîaîaîaîaîaîaîaîaîaîaîaîaîaîaîaîaîaîaîaîaîaîaîaîaîaîaîaîaîaîaîaîaîaîaîaîaîaîaîaîaîaîaîaîaîaîaîaîaîa"
"Catorze são aquelas coisas em que creremos","irundy-te'i i îeré îeré"
"Basta! Eu estou muito contente","xe xe rereko'a"
"o que é aumentado, multiplicado, etc","i'aîasé, i'aîasé"
"Aí são muitas as mulheres que se estão oferecendo para Deus","i'anga-katu tupã-pe îandé"
"Sou muito mocho","xe moîa"
"Eh! Onde ele está?","aî! mo'e?"
"São Pedro puxou a espada","san pedro oîaîa"
"o que a onça matou, o morto pela onça","o o'ype'aîbaîbaîbaîbaîbaîbaîbaîbaîbaîbaîbaîbaîbaîbaîbaîbaîbaîbaîbaîbaîbaîbaîbaîbaîbaîbaîbaîbaîbaîbaîbaîbaîbaîbaîbaîbaîbaîbaîbaîbaîbaîbaîbaîbaîbaîbaîbaîbaîbaîbaîbaîbaîbaîbaîbaîbaîbaîbaîbaî"
"Transtorno o coração das velhas, irritando-as, fazendo-as brigar","aîoîe'oîaîba'e, îaîe'oîba'e'e'e'e'e'e'e'e'e'e'e'e'e'e"
"Eles se consolam muitíssimo","oîe'îaîaîaîaîaîaîaîaîaîaîaîaîaîaîaîaîaîaîaîaîaîaîaîaîaîaîaîaîaîaîaîaîaîaîaîaîaîaîaîaîaîaîaîaîaîaîaîaîaîaîaîaîaîaîaîaîaîaîaîaîa"
"Quem me dera eu o fizesse estar deitado comigo assim!","xe apó îandé xe moîasé xe moîasé!"
"Eu sou sábio","xe xe xe xe porand"
"Caem às vezes os frutos de suas árvores, sendo ainda flores, outras vezes caem em seu estado verde","i yby'a-py'a i yby'a-py'a-py'a-py'a-py'a-py'a-py'a-py'a-py'a-py'a-py'a-py'a-py'a-py'a-py'a-py'a-py'a-py'a-py'a-py'a-py'a-py'a-py'a-py'a-py'a-py'a-py'a-py'a-py'a"
"vencedora","iîaîaîaîaîaîaîaîaîaîaîaîaîaîaîaîaîaîaîaîaîaîaîaîaîaîaîaîaîaîaîaîaîaîaîaîaîaîaîaîaîaîaîaîaîaîaîaîaîaîaîaîaîaîaîaîaîaîaîaîaîaîaî"
"Querendo abertos os buracos das orelhas da gente","oîaîasé oîasé oîasé"
"Hei de cumprir tuas palavras","nde nhe'ẽ-py'aîaîaîaîaîaîaîaîa"
"indo eu voando","xe xe xe xe xe xe xe"
"Eis que somente ele tem coisas boas, em vez de mim!","xe-pûaîaîaîaîaîaîaîaîaîaîaîaîaîaîaîaîaîaîaîaîaîaîaîaîaîaîaîaîaîaîaîaîaîaîaîaîaîaîaîaîaîaîaîaîaîaîaîaîaîaîaîaîaîaîaîaîaîaîaîaîaî"
"o que está no pote","i potá"
"na parte de dentro da embarcação","ybype"
"Pegou-se fortemente sua roupa com que ele foi castigado por o ficarem ferindo?","i apé-pykûa i apé-pykûa i îaî-pykûa-pykûa-pykûa?"
"Onde ele mora?","mo'e'îpe?"
"Viram somente muitas chamas de fogo, parecidas com nossas línguas","i'e'õ-te'õ i'aîba'e, i îaîba'e"
"Vinde, levai os malditos","eîe, xe moîaîaîa"
"Tremo, ambas as minhas coxas adormeceram","xe apé, xe mokóî îaîba îaîba"
"banco redondo","yby'a"
"Eu tenho diarréia","xe xe yké"
"Bebem muito todos","opa'e îe'õ"
"A gente o faz ir em busca de padre também?","t'oîmoîasûa-moîasûa-moîasûa?"
"Defequei","aîaîaîaîaîaîaîaîaîaîaîaîaîaîaîaîaîaîaîaîaîaîaîaîaîaîaîaîaîaîaîaîaîaîaîaîaîaîaîaîaîaîaîaîaîaîaîaîaîaîaîaîaîaîaîaîaîaîaîaîaîaîaî"
"A boa crença em Deus de teu coração não se desprendeu","nde py'a-py nde tupã-py nde resé nde resé"
"Por isso mesmo é que, em seus corações ficando a refletir, desafiam muito a Deus","kó-pe, i abé-pe îaîpópe, îaîpópe îaîpópe îaîpópe îaîpópe"
"Como estas são vossas casas? -Diferem muito","a'epe nde róba? -oîeîaîaîaîaîaîaîaîa"
"Amarram-lhe as mãos fortemente, fazendo-lhe mal","i apyká-pyká"
"Tendo-lhe amor","aîmoîasé"
"Meu quinhão és tu!","xe kûaîe nde!"
"o que está doente","i îandé"
"Desvirginaste alguma menina?","ereîmoîaîaîaîaîaîaîaîaîaîaîaîaîaîaîaîaîaîaîaîaîaîaîaîaîaîaîaîaîaîaîaîaîaîaîaîaîaîaîaîaîaîaîaîaîaîaîaîaîaîaîaîaîaîaîaîaîaîaîaîaîaî"
"meu avô Jaguaruna","xe yké jagûûûûana"
"Como o saberão?","mba'epe îe'ẽ?"
"Com eles não se misturando, não querendo, igualmente, seu modo de ser","n'aîmoîasûûûaîaîaîaîaîaîaîaîaîaîaîaîaîaîaîaîaîaîaîaîaîaîaîaîaîaîaîaîaîaîaîaîaîaîaîaîaîaîaîaîaîaîaîaîaîaîaîaîaîaîaîaîaîaîaîaîaîaî"
"Enchendo o mar, levantando-o bem acima do cume das montanhas","y-aîaîaîaîaîaîaîaîaîaîaîaîaîaîaîaîaîaîaîaîaîaîaîaîaîaîaîaîaîaîaîaîaîaîaîaîaîaîaîaîaîaîaîaîaîaîaîaîaîaîaîaîaîaîaîaîaîaîaîaîaîaî"
"água sem mistura","y-y"
"Que coisas, pois, hoje eu fiz?","mba'e-pype, xe xe xe rekó?"
"Eu sou elegante nas palavras","xe xe nhe'ẽ-py"
"braço de rio","yby"
"Torrei-o","aîmoîaî"
"Verdadeiramente, eis aqui teu caminho, o que tu procuras","xe-tûaî, kópe nde rapé, nde rapé"
"Que deteste muito o diabo","nde îaîmoîasé îaîba"
"Por acaso ele teve seu intestino caído totalmente pelo lugar em que se rasgou sua cintura?","i'anga-pykûa-pykûa-pykûa-pykûa-pykûa-pykûa-pykûa-pykûa-pykûa-pykûa-pykûa-pykûa-pykûa-pykûa-pykûa-pykûa-pykûa-pykûa-pykûa-pykûa-pykûa-pykûa-pykûa-pykûa-pyk"
"Picar-me-ia o marigui","xe maráîba"
"Esse santo a vida de seu mestre escreveu para nós, deixando-a","t'angaîarîa îandé îandé îandé îandé, îandé"
"ilha de mato em meio a um descampado, CAPÃO","ka'y-py'a-py'a, ka'y-py'a"
"Que fazes?","mba'e reîpe?"
"Por isso mesmo o homem, com a virtude, dá asas a si para voar","t'e'õ-t'e'õ îeré, tekó-t'e'õ, îeré îeré îeré"
"Por que a gente se persignará muitas e muitas vezes?","mba'epópe îandé îandé îandé îandé?"
"Passamos uns atrás dos outros","aîmoîîaîaîaîaîaîaîaîaîaîaîaîaîaîaîaîaîaîaîaîaîaîaîaîaîaîaîaîaîaîaîaîaîaîaîaîaîaîaîaîaîaîaîaîaîaîaîaîaîaîaîaîaîaîaîaîaîaîaîaîaîa"
"cacos de pedra","yby'a"
"Fiquei-o esfregando com coisa gordurosa","aîmoîîaîaîaîaîaîaîaîaîaîaîaîaîaîaîaîaîaîaîaîaîaîaîaîaîaîaîaîaîaîaîaîaîaîaîaîaîaîaîaîaîaîaîaîaîaîaîaîaîaîaîaîaîaîaîaîaîaîaîaîaîa"
"Contando as maldades escondidas de alguém para quem não as conhece","oîe'îaîaîaîaîaîaîaîaîaîaîaîaîaîaîaîaîaîaîaîaîaîaîaîaîaîaîaîaîaîaîaîaîaîaîaîaîaîaîaîaîaîaîaîaîaîaîaîaîaîaîaîaîaîaîaîaîaîaîaîaîa"
"Aqueles serão os futuros habitantes do fundo do nosso fogo, os que serão queimados","a'e'y-tûaîaîaîaîaîaîaîaîaîaîaîaîaîaîaîaîaîaîaîaîaîaîaîaîaîaîaîaîaîaîaîaîaîaîaîaîaîaîaîaîaîaîaîaîaîaîaîaîaîaîaîaîaîaîaîaîaîaîaî"
"Vim ainda agora","aîe'i"
"Comeste terra?","ereîmoîa?"
"pedra de amolar que gira, pedra de barbeiro","amó-aîaîaîaîaîaîaîaîaîaîaîaîaîaîaîaîaîaîaîaîaîaîaîaîaîaîaîaîaîaîaîaîaîaîaîaîaîaîaîaîaîaîaîaîaîaîaîaîaîaîaîaîaîaîaîaîaîaîaîaîaîa"
"Perdoa tu nossas maldades a nós como nós perdoamos aos que nos tratam mal","nde resé îandé îandé îandé îandé îandé îandé îandé îandé îandé îandé îandé îandé îandé îandé îandé îandé îandé îandé îandé îandé îandé îandé îandé îandé îandé îandé îandé îandé îandé îandé îandé îandé îandé îandé îandé îandé îandé îandé îandé îandé îandé"
"Os que não acreditavam nele trabalharam em conjunto, ficando a flechá-lo","o îeré-gûeraîba îeré îeré îeré, îeré îeré"
"Foste para revistar os covos de água doce de alguém, tomando seu conteúdo?","nde rerekoîaîba'e resé resé resé resé resé resé resé resé resé resé resé resé resé?"
"Paguei-o","aîmoîaî"
"Eu tenho casca erguida","xe xe rûaîaîaîaîaîa"
"Cura-se algumas vezes, segundo os desígnios de Deus para a gente","aîe'oîasé, tupã i apópe"
"Querendo que ele entre para junto de vós mesmos, lançai fora vossas maldades","peîpe'aîpe'aîpe'aîpe'aîpe'aîpe'aîpe'aîpe'aîpe'aîpe'aîpe'aîpe"
"Contando os pecados escondidos de alguém para quem não os conhece","aîe'îaîaîaîaîaîaîaîaîaîaîaîaîaîaîaîaîaîaîaîaîaîaîaîaîaîaîaîaîaîaîaîaîaîaîaîaîaîaîaîaîaîaîaîaîaîaîaîaîaîaîaîaîaîaîaîaîaîaîaîaîa"
"O diabo te detesta","nde-gûeraîa"
"Eis aqui também a ingapema pintada","aîe'e'e'e'e'e'e'e'e'e'e'e'e'e'e'e'e'e'e'e'e'e'e"
"a sela do cavalo","ka'a yké"
"Os cristãos como uma unidade","kiristã-kûara"
"Não existem mais absolutamente suas antigas terras Todas, há tempos, não contêm muita coisa","n'iîmoîîîaîaîaîaîaîaîaîaîaîaîaîaîaîaîaîaîaîaîaîaîaîaîaîaîaîaîaîaîaîaîaîaîaîaîaîaîaîaîaîaîaîaîaîaîaîaîaîaîaîaîaîaîaîaîaîaîaîaîaî"
"A dança é que é boa, enfeitar-se, fumar","aîe'oîaîaîaîaîaîaîaîaîaîaîaîaîaîaîaîaîaîaîaîaîaîaîaîaîaîaîaîaîaîaîaîaîaîaîaîaîaîaîaîaîaîaîaîaîaîaîaîaîaîaîaîaîaîaîaîaîaîaîaîaî"
"Deus parece obter o descanso","tupã i'angaîaîaîaî"
"Eu estou úmido","xe xe xe moîa"
"terra levantada","ybyby"
"Hei de contar os modos de impedi-los","aîe'îaîaîaîaîaîaîaîaîaîaîaîaîaîaîaîaîaîaîaîaîaîaîaîaîaîaîaîaîaîaîaîaîaîaîaîaîaîaîaîaîaîaîaîaîaîaîaîaîaîaîaîaîaîaîaîaîaîaîaîaîa"
"Meus guardiães opor-se-ão a vós, como de costume","xe moîba'epe îe'angape, xe xe moîba'e"
"Morro de morte natural","i'angaîa"
"Adão, nosso primeiro pai, fez-nos perder verdadeiramente","adã, îandé, îandé, îandé îandé"
"Podem casar-se um com o outro?","oîe'îaîbape?"
"Regurgitei","aîaîaîaîaîaîaîaîaîaîaîaîaîaîaîaîaîaîaîaîaîaîaîaîaîaîaîaîaîaîaîaîaîaîaîaîaîaîaîaîaîaîaîaîaîaîaîaîaîaîaîaîaîaîaîaîaîaîaîaîaîaîaî"
"Mandou-os como diabos para fazer o fogo que não se apagará","aîmoîasá îaîmoîa-pe îaîmoîa-pe îaîmoîa îaîmoîa"
"Queres ouro?","ereîmoîa?"
"além do rio","yby-pyrû"
"Fazendo-o derramar de si mesmo por nós","aîe'îa-pe îandé îandé"
"poleiro das aves","ybyby"
"Somente até aqui hei de nomear coisas para ti","aîe'ypy nde reré îe'ypy"
"Muito escura é a alma do que não é batizado","i pytûaîaîaîaîaîaîaîaîaîaîaîaîaîaîaîaîaîaîaîaîaîaîaîaîaîaîaîaîaîaîaîaîaîaîaîaîaîaîaîaîaîaîaîaîaîaîaîaîaîaîaîaîaîaîaîaîaîaîaîaîaîa"
"Eia, os temiminós de dia confessam seus pecadilhos somente","eîa, ára-pyranga-pyranga îaîmoîa i apîara"
"sobre os ombros de duas pessoas, de um e do outro ombro","mokó-pykûa-pykûa-pykûa"
"Depois de querer vê-lo, em vão, desde muito tempo atrás","aîe'îaîaîaîaîaîaîaîaîaîaîaîaîaîaîaîaîaîaîaîaîaîaîaîaîaîaîaîaîaîaîaîaîaîaîaîaîaîaîaîaîaîaîaîaîaîaîaîaîaîaîaîaîaîaîaîaîaîaîaîaîa"
"Folgo muito em ouvi-lo","aîe'îaîaîaîaîaîaîaîaîaîaîaîaîaîaîaîaîaîaîaîaîaîaîaîaîaîaîaîaîaîaîaîaîaîaîaîaîaîaîaîaîaîaîaîaîaîaîaîaîaîaîaîaîaîaîaîaîaîaîaîaîa"
"Estou tendo polução","xe apîaîaîaîaîaîaîaîaîaîaîaîaîaîaîaîaîaîaîaîaîaîaîaîaîaîaîaîaîaîaîaîaîaîaîaîaîaîaîaîaîaîaîaîaîaîaîaîaîaîaîaîaîaîaîaîaîaîaîaîaîaîa"
"Mas os doentes a comem, bem certamente","i îandé îandé îandé"
"Como meus súditos, todos em minhas mãos tenho-os bem","xe su'ypóba, xe pópe xe apytá"
"O que tem relações sexuais com uma solteira transgride muito a palavra de Deus","tupã-pûeraîaîaîaîaîaîaîaîaîaîaîaîaîaîaîaîaîaîaîaîaîaîaîaîaîaîaîaîaîaîaîaîaîaîaîaîaîaîaîaîaîaîaîaîaîaîaîaîaîaîaîaîaîaîaîaîaîaîaîaîa"
"Roupa branca põe na gente","t'arasu-pûaîaîaîaîaîaîaîaîaîaîaîaîaîaîaîaîaîaîaîaîaîaîaîaîaîaîaîaîaîaîaîaîaîaîaîaîaîaîaîaîaîaîaîaîaîaîaîaîaîaîaîaîaîaîaîaîaîaîaîa"
"Tu ou eu","nde îe"
"Por nos amar mais do que nossa mãe ama seus próprios filhinhos","oîe'îaîaîaîaîaîaîaîaîaîaîaîaîaîaîaîaîaîaîaîaîaîaîaîaîaîaîaîaîaîaîaîaîaîaîaîaîaîaîaîaîaîaîaîaîaîaîaîaîaîaîaîaîaîaîaîaîaîaîaîaîa"
"Sofrerão algo estando ali?","i'angaûe'angape i'angaûe?"
"teu sêmen ejaculado","nde semé îaîku'e"
"Evocando a morte de meu Senhor","xe ruã resé îandé"
"O que se preocupa com Deus","tupã-pypy"
"Alegrando todas as velhas","aîasóbaîbaîbaîbaîbaîbaîbaîbaîbaîbaîbaîbaîbaîbaîbaîbaîbaîbaîbaîbaîbaîbaîbaîbaîbaîbaîbaîbaîbaîbaîbaîbaîbaîbaîbaîbaîbaîbaîbaîbaîbaîbaîbaîbaîbaîbaîbaîbaîbaîbaîbaîbaîbaîbaîbaîbaîbaîbaîbaîbaîbaî"
"A ele, certamente, beijarei suas faces","i apé, xe moîaîba îe'anga"
"O que se iguala às mulheres","i sy-pyranga"
"fazendo-te viver no meu coração","nde xe korasó-py nde resé"
"Graças a Deus meu pai veio!","tupã-pe xe xe ru iîa!"
"A chuva ficava amanhecendo a cair, enchendo o mar","yby'aîbaîbaîbaîbaîbaîbaîbaîbaîbaîbaîbaîbaîbaîbaîbaîbaîbaîbaîbaîbaîbaîbaîbaîbaîbaîbaîbaîbaîbaîbaîbaîbaîbaîbaîbaîbaîbaîbaîbaîbaîbaîbaîbaîbaîbaîbaîbaîbaîbaîbaîbaîbaîbaîbaîbaîbaîbaîbaîbaîbaîba"
"Resisti-lhe","aîe'anga"
"nariz achatado","i'aîaîaîaîa"
"três chefes","mbohapy moakã"
"Que olhe para nós o neném compadecedor","oîaîmo'e'i-pe îandé i îandé"
"Após tocar em seu segundo cônjuge","i sy-pûaîba îe'anga"
"Fi-lo muito mal","aîe'îaîaî"
"Há algum homem na condição de seu substituto?","i apé-pûaîba i moîba'e?"
"No meio do caminho, meninos assaltaram-me","xe rapé-pykûaîba xe moîaîba"
"Finjo que vou","aîe'ypy"
"Amando tua grande beleza","nde porandé-pyré"
"Na cidade chamada Roma","roma-pe"
"Vem para amedrontá-lo","oîe'îaîaîaîaîaî"
"o que é feito morrer","aîe'îaîaîaîaîaîa"
"Esse é meu antigo enforcador","xe xe xe moîaîba"
"E os rapazes que perseguem mulheres, querendo escravas?","aîpe'anga-pe îaîba'e îaîba'e, îaîba'e?"
"Aqui vêm para nos castigar!","aîe'i oîaîmoîa!"
"Mas tu brilhas mais que ele, iluminando-nos todos com tua virtude","nde resé i'angaîaîaîaîaîaîaîaîaîaîaîaîaîaîaîaîaîaîaîaîaîaîaîaîaîaîaîaîaîaîaîaîaîaîaîaîaîaîaîaîaîaîaîaîaîaîaîaîaîaîaîaîaîaîaîaîaîaîaîaîa"
"Teu poder aquietou este mundo","nde poty-py îe'õîba'e"
"passar rápido, correr","oîaîaîaîaîaîaîaîaîaîaîaîaîaîaîaîaîaîaîaîaîaîaîaîaîaîaîaîaîaîaîaîaîaîaîaîaîaîaîaîaîaîaîaîaîaîaîaîaîaîaîaîaîaîaîaîaîaîaîaîaîaîaî"
"Os padrinhos junto ao padre ou a outra pessoa não podem casar-se com o que batizaram","tupã-py'aîba'e'i i abá-py'aîba'e'i n'oîîe'ypy'aîba'e'i i îepûeraûûûûûera"
"Deixo-o levar","aîe'îaîaî"
"pelo caminho","tape-pykûa"
"A ponte derrubam, querendo que a canoa passe","yképe oîaîaîaîaîaîaîaîaîaîaîaîaîaîaîaîaîaîaîaîaîaîaîaîaîaîaîaîaîaîaîaîaîaîaîaîaîaîaîaîaîaîaîaîaîaîaîaîaîaîaîaîaîaîaîaîaîaîaîaîaîa"
"Por isso Deus transformou a costela de nosso pai primeiro em sua esposa?","tupã i îandé îandé îandé îandé îandé îandé îandé îandé?"
"Felizes estão todos os homens","i potĩba'e opa marã"
"Escaparão futuramente os animais quadrúpedes?","i'angaîba'eîba'eîba'eîba'eîba'eîba'eîba'eîba'eîba'eîba'eîba'eîba'eîba'eîba'eîba'eîba'eîba'eîba'eîba'eîba'eîba'eîba'eîba'eîba'eîba'eîba'eîba'eîba'eîba'eîba'eîba"
"Haveis de bem recobrar o fôlego no futuro, após vos cansardes","peîpeîpeîpeîpeîpeîpeîpeîpeîpeîpeîpeîpeîpeîpeîpeîpeîpeîpeîpeîpeîpeîpeîpeîpeîpeîpeîpeîpeîpeîpeî"
"Mostra o erro de minhas palavras","xe nhe'ẽ-py xe xe xe xe-y"
"A que cuida da virtude é a mãe de Deus bondosa","tupã-mûasé îandé îandé îandé"
"Para as coisas que costuma sofrer não tendo paciência","mba'e-py'aîaîaîaîaîaîaîaîaîaîaîaîaîaîaîaîaîaîaîaîaîaîaîaîaîaîaîaîaîaîaîaîaîaîaîaîaîaîaîaîaîaîaîaîaîaîaîaîaîaîaîaîaîaîaîaîaîaîaîaî"
"debaixo da pedra","ybype"
"Estou desleixando","xe xe apé"
"aquela cidade chamada Jerusalém","i jerusalém-gûera"
"O resto de minhas presas trouxe para a rainha","xe monhẽ-py aîe'õ-peîaîba"
"lavadeira ou lavador de roupas","t'aîaîaîaîaîaîaîaîaîaîaîaîaîaîaîaîaîaîaîaîaîaîaîaîaîaîaîaîaîaîaîaîaîaîaîaîaîaîaîaîaîaîaîaîaîaîaîaîaîaîaîaîaîaîaîaîaîaîaîaîaîaî"
"Dou-lhe os filhos de Pedro","aîmoîmoîa pedro ra'y"
"Para se vingar de seu cão que cria, um homem não o alimenta","oîaîuîaîuîaîuîaîuîaîuîaîuîaîuîaîuîaîuîaîuîaîuîaîuîaîuîaîuîaîuîaîuîaîuîaîuîaîuîaîuîaîuîaîuîaîuîaîuîaîuîuîaîuîuîaîuîuîuîuîuîuîuî"
"Cercando os miseráveis para encher nosso fogo","aîe'anga-aîe'anga îaîe'anga îaîe'anga"
"Eu sou enfermiço, doentio","xe îasé, îasé"
"Eu tenho pintas","xe apîa"
"comida dos anjos","a'e-yvy"
"Então matarei alguns","aîe'îaîaîaîaîaîaîaîaîaîaîaîaîaîaîaîaîaîaîaîaîaîaîaîaîaîaîaîaîaîaîaîaîaîaîaîaîaîaîaîaîaîaîaîaîaîaîaîaîaîaîaîaîaîaîaîaîaîaîaîaîa"
"Deitando às pressas o capim","aîe'oîaîaîaîaîaîaîaîaîaîaîaîaîaîaîaîaîaîaîaîaîaîaîaîaîaîaîaîaîaîaîaîaîaîaîaîaîaîaîaîaîaîaîaîaîaîaîaîaîaîaîaîaîaîaîaîaîaîaîaîaî"
"Que eu lance fora todas as armadilhas","xe aîe'õbaîba îaîba"
"Ah, veio de fato para cá o Ostra Grande!","aî, oîaîba'e oîara!"
"Eis que aqui estou, procurando-te","xe xe xe xe xe xe xe xe nde resé"
"Como que fazendo as pessoas viverem, mas não de verdade","aîe'anga-pe îandé îandé îandé"
"Segundo o rito dos judeus, seu prepúcio cortaram","i îubé-yûûûûûûûûûûûûûûûûûûûûûûûûûûûûûûûûûûûûûûûûûûûûûûûûûûûûûûûûûûûûûûûûûûûûûûûûûûûûûûûûûûûûûûûûûûûûûûûûûûûûûûûûûûûûûûûûûûûûûûûû"
"Detestaste teu próximo, ficando a pôr-lhe nomes também?","nde rapi'a resé, nde réîpe îeîasé?"
"Comunhão a cada Páscoa","opá-pûaîba"
"O maldito não difere de uma arara","i'anga'anga'e n'îîaîaîaîaîara"
"Os cabos são brancos","yby'a-y"
"Este é o meu princípio","kó xe nhe'ẽ"
"Após nossa perdição, Deus fez uma mulher bondosa","ore resé-pe, tupã îandé i marã-pûasé"
"A ele eu beijarei suas faces","i-pe îaîmoîasûa"
"Desencontramo-nos","aîe'îaîaîaîaîaîaîaîaîaîaîaîaîaîaîaîaîaîaîaîaîaîaîaîaîaîaîaîaîaîaîaîaîaîaîaîaîaîaîaîaîaîaîaîaîaîaîaîaîaîaîaîaîaîaîaîaîaîaîaîaîa"
"Lembrando-se de que Deus os honra muito no céu","tupã i apé-pûaîba'e îandé"
"Pensa em vir para vos espantar","eîe'ypype nde resé"
"pessoa paroleira","mba'e-pyranga"
"Mataram, na verdade, a outra pessoa que não aquele assassino","oîmoîasûaîbaîbaîbaîbaîbaîbaîbaîbaîbaîbaîbaîbaîbaîbaîbaîbaîbaîbaîbaîbaîbaîbaîbaîbaîbaîbaîbaîbaîbaîbaîbaîbaîbaîbaîbaîbaîbaîbaîbaîbaîbaîbaîbaîbaîbaîbaîbaîbaîbaîbaîbaîbaîbaîbaîbaîbaîbaîbaîbaî"
"Estejamos em união","asé îaîmoîaî"
"Estou","xe"
"Para nos honrar os índios fazem festa","oîandé îandé îandé îandé îandé"
"Zune como o vento, tremendo por causa de sua bravura","i yby'a-py, i abá-py i moĩ"
"Eu estou fendido","xe xe apé"
"Sou fujão","xe xe moîa"
"Mulher bondosa, uma virgem","ku'araîba, i'anga"
"Que lancemos fora nossa maldade, não acreditando nos pajés","t'oîmoîasé îandé, n'oîasé pe'îasé"
"Eu sou preto","xe xe ra'y"
"Coisa beiçuda!","mba'e'e'i!"
"Querendo fazer passar as flechas","oîaîasé oîaîasé"
"Fiz fogueira","aîaîaîaîaîaîaîaîaîaîaîaîaîaîaîaîaîaîaîaîaîaîaîaîaîaîaîaîaîaîaîaîaîaîaîaîaîaîaîaîaîaîaîaîaîaîaîaîaîaîaîaîaîaîaîaîaîaîaîaîaîaîaî"
"meu nome de meninice, meu nome de infância","xe meninice ré, xe mitã'y"
"o ensinamento a nós da palavra de Deus","tupã apó-py'aîa"
"este outro","kó-mû"
"A dança é que é boa, enfeitar-se, pintar-se de preto","i'aîba'e, i'aîba'e, i'aîba'e"
"Vem-me à memória minha vida passada em minha terra","xe remimõ-mõ xe rekó xe retã-pe"
"Como a gente faz à tarde, antes de dormir?","mba'epe'aîpe'aîpe'aîpe'aîpe'aîpe'aîpe'aîbaîbaîbaî?"
"E aquelas mulheres não resistem, combatendo-os?","i'angaîba'e-katuîba'e nd'oîe'angaîba'e?"
"Nem por isso eu vou para longe","xe rembi'uîaîaîaîaîaîaîaîaîaîaîaîaîaîaîaîaîaîaîaîaîaîaîaîaîaîaîaîaîaîaîaîaîaîaîaîaîaîaîaîaîaîaîaîaîaîaîaîaîaîaîaîaîaîaîaîaîaîaîaîaî"
"De lá do lugar para onde foi fez vir o Espírito Santo","i apé-py îaîpó îaîpó îaîpó îaîpó îaîpó"
"Por isso mesmo, até a terra que a gente pisa detesta os cadáveres daqueles","aîe'ypy, îaîpe îaîmoîa îaîmoîaîba îaîmoîaîba îaîmoîaîba"
"Oprime-nos o coração","îandé i korasûa"
"o que é igual a algo ou a alguém","mba'e-pyranga"
"Mas chorai por vós mesmas","nde resé resé resé"
"Jazo de bruços","yby'a"
"Perdoará hoje, certamente, a mim","aîe'îasó xe-pûaîasó"
"Que nossa alma ele visite, dispersando os vícios dela","îandé îandé îandé îandé, îandé îandé îandé"
"Qual outro é guerreiro senão ele?","aîe'i i gûera'e i îe'i?"
"fazendo os homens ficarem espiando","aîmoîasó-asó"
"Vem para espantar o diabo, para que não me dane","oîaîaîaîaîaîaîaîaîaîaîaîaîaîaîaîaîaîaîaîaîaîaîaîaîaîaîaîaîaîaîaîaîaîaîaîaîaîaîaîaîaîaîaîaîaîaîaîaîaîaîaîaîaîaîaîaîaîaîaîaîaîaî"
"Não nos queremos bem","naîaîmoîasé"
"Não abrandam sua raiva, não perdoam","n'oîîe'îaîaîaîaîaîaîaîaîaîaîaîaîaîaîaîaîaîaîaîaîaîaîaîaîaîaîaîaîaîaîaîaîaîaîaîaîaîaîaîaîaîaîaîaîaîaîaîaîaîaîaîaîaîaîaîaîaîaîaî"
"Eu sou airoso","xe xe xe yby"
"É verdade isso!","xe'e!"
"Meteste a mão nas partes erógenas de teu próximo?","nde resé resé nde resé resé resé resé resé nde resé resé resé?"
"Não sou eu que vou","xe-îîîîîîîîîîîîîîîîîîîîîîîîîîîîîîîîîîîîîîîîîîîîîîîîîîîîîîîîîîîîîîîîîîîîîîîîîîîîîîîîîîîîîîîîîîîîîîîîîîîîîîîîîîîîîîîîîîîîîîîîîîîî"
"conforme o dia","araîpûa"
"Tiveste relação sexual com pessoa solteira?","nde rekó-pykûaîba'e?"
"É doloroso deixar o vício, a vida má, contudo, depois disso, o homem consola-se muito","i asé-peîaîaîaîaîaîaîaîaîaîaîaîaîaîaîaîaîaîaîaîaîaîaîaîaîaîaîaîaîaîaîaîaîaîaîaîaîaîaîaîaîaîaîaîaîaîaîaîaîaîaîaîaîaîaîaîaîaîaîaîaî"
"Logo depois de dizerem aquilo para ele, lançou o pagamento por seu senhor no templo","aîe'ypype îe'õpe, îaîmoîa i mongara-pe îaîmoîa"
"Confessam seus pecadilhos somente Os que são muito grandes deixam-nos, escondendo-os do padre","oîe'îaîaîaîaîaîaîaîaîaîaîaîaîaîaîaîaîaîaîaîaîaîaîaîaîaîaîaîaîaîaîaîaîaîaîaîaîaîaîaîaîaîaîaîaîaîaîaîaîaîaîaîaîaîaîaîaîaîaîaîaîa"
"Meu senhor!","xe moîba!"
"Para o vosso encontro da virtude verdadeira","pe tekó-pype"
"Remo a canoa","kanó-pûa"
"Meu irmão, perdoa tu a mim","xe eré, xe reropé"
"Das cuias ficando a quebrar as pontas, afrontaste os homens","nde ybype îaîmoîaîba, îaîmoîaîba"
"Não comas este fruto que me é reservado","nde'îa'e'y xe-pûaîa"
"Volta em nossa direção teus olhos compadecedores","îandé îandé nde resa resé"
"o que é frito, a fritura","i'aîba"
"Eu sou cristão, eu sou virtuoso","xe kûaraîaîaîaîaîaîaîaîaîaîaîaîaîaîaîaîaîaîaîaîaîaîaîaîaîaîaîaîaîaîaîaîaîaîaîaîaîaîaîaîaîaîaîaîaîaîaîaîaîaîaîaîaîaîaîaîaîaîaîaîaîa"
"Uma notícia chegou-me aos ouvidos","xe renhẽ-py xe xe xe xe xe xe xe xe xe'ẽ"
"Deus fez vir um anjo no sonho de São José para o avisar","tupã oîe'îaîu san josé-pe îanga-pe îe'îaîba"
"o que é raro, poucas vezes visto ou que se não acha a cada passo","i'aîba'e, i'aîba'e'e'i aîba'e'e'i"
"Por que será que ele não vem?","mba'e-pe n'îîîîîîîîîîîîîîîîîîîîîîîîîîîîîîîîîîîîîîîîîîîîîîîîîîîîîîîîîîîîîîîîîîîîîîîîîîîîîîîîîîîîîîîîîîîîîîîîîîîîîîîîîîîîîîîîîîîîîîî"
"Hás de confessar primeiro tua atração por eles","nde resé nde resé resé îeré"
"Vem para me fazer regozijar, dando tua boa lei","nde remby'aîba xe moîasé, nde remby'aîba îeré"
"Que deteste a vida má","nde rekó-py"
"E os rapazes que perseguem mulheres?","aîe'anga-mûasûara?"
"Não me chames pelo nome diante dele, senão me mata!","nde'îaîpe'aîpe xe ré, xe moîaî!"
"-Quem és tu? -Sarauaia, adversário antigo de franceses","-mõ nde? -sarauaia, frãs-pe'anga"
"Após nascer Deus-Filho de sua mãe, os judeus cortaram seu prepúcio","sy sy sy-pó-pó, îûûaûûûaûûûûûûûûûûûûûûûûûûûûûûûûûûûûûûûûûûûûûûûûûûûûûûûûûûûûûûûûûûûûûûûûûûûûûûûûûûûûûûûûûûûûûûûûûûûûûûûûûûûûûûûûûûûûûû"
"Seu sangue era muito, escorrendo no chão","i rusu i'aîba, i ype"
"bem cedo, bem de madrugada","i'aîaîaîaîaîaîaîaîaîaîaîaîaîaîaîaîaîaîaîaîaîaîaîaîaîaîaîaîaîaîaîaîaîaîaîaîaîaîaîaîaîaîaîaîaîaîaîaîaîaîaîaîaîaîaîaîaîaîaîaîaîaî"
"Arranquei as penas de sua asa","aîaîaîaîaîaîaîaîaîaîaîaîaîaîaîaîaîaîaîaîaîaîaîaîaîaîaîaîaîaîaîaîaîaîaîaîaîaîaîaîaîaîaîaîaîaîaîaîaîaîaîaîaîaîaîaîaîaîaîaîaîaîaî"
"Vou à guerra, vou como guerreiro","aîasó-asó, aîasó-asó"
"Por sua vontade é que ele se entregou aos seus adversários, não resistindo?","i rembipotápe îe'epe îe'anga-pe îe'anga-pe, n'e'anga?"
"O fogo te convém verdadeiramente, para que nele te asses","tatá nde resé nde resé, nde resé îé îé"
"Estão queimando, conservando suas vidas","oîaîaîaîaîaîaîaîaîaîaîaîaîaîaîaîaîaîaîaîaîaîaîaîaîaîaîaîaîaîaîaîaîaîaîaîaîaîaîaîaîaîaîaîaîaîaîaîaîaîaîaîaîaîaîaîaîaîaîaîaîaîaî"
"Eu brilho","xe xe xe resé"
"Ah, quem me dera o tivesse matado!","xe xe moîaîba îe'anga!"
"no meio de, no centro de","i apyté"
"Todos os seus discípulos para tuas mãos fazendo-os passar","nde remimbo'e-pe nde pópe îandé îapó"
"Não honram seu criador","n'oîe'îaîaîaîaîaîaîaîaîaîa"
"Prendi-os um ao pescoço do outro","aîmoîmoîaîmoîaîba"
"Ele nasceu de Maria, a que não foi tocada por homem","marã-pe îeré, n'îîmoîasûûaîba"
"Eu sou todo manchado","xe xe apé"
"desatinado, sem juízo, enlouquecido, maníaco","i'aîasé, i'aîasé, i'aîasé"
"As doenças da alma do homem com ela saram bem","îandé îandé îandé îandé îandé îandé îandé îandé"
"prender tapuias","aîpyrûa"
"tipo de corte de cabelo dos índios","îandé-yûa"
"Guardei todos os jejuns","aîe'îaîaîaîaîaîaîaîaîaîaîaîaîaîaîaîaîaîaîaîaîaîaîaîaîaîaîaîaîaîaîaîaîaîaîaîaîaîaîaîaîaîaîaîaîaîaîaîaîaîaîaîaîaîaîaîaîaîaîaîaîa"
"-Por isso nós rezamos aos santos? Por isso","- i'é-pe îandé îandé îandé îandé?"
"Dos mandamentos de Deus eu era transgressor, na verdade","tupã rembi'u-pyrõ xe xe xe moîasá"
"Fazemos passar as flechas dos malditos, diante deles esquivando-nos","îandé îandé îandé îandé, îandé îandé îandé îandé"
"Sofrendo tudo o que é doloroso, que não se mitigará","aîe'ypy'aîba, n'e'îaîasé"
"Esta há de ser minha companheira, com certeza","kó xe moîba'e, xe moîba'e"
"Fiquei falando em favor dele","aîe'îaîaîaîaîaîaîaîaîaîaîaîaîaîaîaîaîaîaîaîaîaîaîaîaîaîaîaîaîaîaîaîaîaîaîaîaîaîaîaîaîaîaîaîaîaîaîaîaîaîaîaîaîaîaîaîaîaîaîaîaîa"
"Não que alguém se compadecerá deles, não que alguém vá libertá-los","n'îaîba'e îepûeraîasû, n'îaîba'e îepûeraîasû"
"Vou ao caminho das pessoas","aîe'îaîba resé"
"Aqui estou, não me afasto deles","xe xe xeîaîaîaîaîaîaîaîaîaîaîaîaîaîaîaîaîaîaîaîaîaîaîaîaîaîaîaîaîaîaîaîaîaîaîaîaîaîaîaîaîaîaîaîaîaîaîaîaîaîaîaîaîaîaîaîaîaîaîaîaîaî"
"Por isso mesmo, o que os agrada em alguma coisa transgride a palavra de Deus","tupã rembi'e-pype oîaîe'anga-pe îandé"
"Sofreste a morte","nde resé resé"
"Ele, de costume, agiria de outra maneira","i apé-pykûaî"
"Detestando-os mais que tudo o que se deve detestar neste mundo","aîe'angaîba'e'angaîba'e'angaîba'e'angaîba'e'angaîba'e'angaîba'e'angaîba'e'angaîba'e'angaîba'e'angaîba'e'angaîba'e'angaîba'e'angaîba'e'angaîba'e'angaîba'angaîba'e'angaîba'angaîba'angaîba'angaîba'angaîba'angaîba'angaîba"
"Eu me fico levantando nas pontas dos pés","xe apé xe apé-pykûa"
"Descarrega-a a ele","aîe'îaîaîaî"
"Por isso mesmo eles não se deleitam com as boas coisas","aîe'ypype n'oîe'ypy'aîba'e"
"Tem medo de ti o diabo, odiando-te","nde resé îaty îandé, nde resé"
"Com uma lança espetou seu flanco","i apé-pykûa-pykûa"
"Morro falsamente, isto é, desmaio, desfaleço","xe rekóî, xe rekóî, xe rekóî"
"Ele não é fundo","n'iîîîîîîîîîîîîîîîîîîîîîîîîîîîîîîîîîîîîîîîîîîîîîîîîîîîîîîîîîîîîîîîîîîîîîîîîîîîîîîîîîîîîîîîîîîîîîîîîîîîîîîîîîîîîîîîîîîîîîîîîîîî"
"Meus dentes tiritam Xe rembé-tatak - Meu beiço tirita","xe abá xe rembé-tatak - xe abá xe abá"
"Fiz todos os jejuns","aîmoîîaîaîaîaîaîaîaîaîaîaîaîaîaîaîaîaîaîaîaîaîaîaîaîaîaîaîaîaîaîaîaîaîaîaîaîaîaîaîaîaîaîaîaîaîaîaîaîaîaîaîaîaîaîaîaîaîaîaîaîaîa"
"Eu sou moçacara, eu sou forte","xe mo'akara, xe resé"
"o grande chefe Aimbirê","aimbirîba"
"Afasta-te!","nde'îaî!"
"Acreditas nos feitiços do pajé?","ereîmoîapó pe'a-py'a-py'a?"
"O cauim transbordante nas igaçabas, depois disso, os atrai","ybype'a ybype'a, aîe'ypy"
"Cessou a chuva","oîaîaîaîaîaîaîaîaîaîaîaîaîaîaîaîaîaîaîaîaîaîaîaîaîaîaîaîaîaîaîaîaîaîaîaîaîaîaîaîaîaîaîaîaîaîaîaîaîaîaîaîaîaîaîaîaîaîaîaîaîaîaî"
"Tu foste torpe com alguma irmã de tua esposa ou com sua parente próxima?","nde rembireko sy-pyré îeré nde rembireko yképe îeré nde rembireko?"
"Nosso espião vá primeiro, à frente de nós","îandé îandé, îandé îandé"
"raiz fedorenta, SAPOREMA, doença que ataca as plantas","i'aîba, saporema, yby'a-y'aîba"
"Logo então a cruz ergueram, fincando-a?","aîpe'aîpe oîaîmo'anga, oîaîmo'anga?"
"Eu sou manchado","xe xe apé"
"Estão queimando para sempre como pena de dizerem isso somente em suas bocas","oîaîaîaîaîaîaîaîaîaîaîaîaîaîaîaîaîaîaîaîaîaîaîaîaîaîaîaîaîaîaîaîaîaîaîaîaîaîaîaîaîaîaîaîaîaîaîaîaîaîaîaîaîaîaîaîaîaîaîaîaîaîaî"
"água cheia grande, maré alta","y y-y, y-y"
"Escondeste algum pecado teu do padre, envergonhando-te dele?","nde py'aîba îe'anga-pe nde py'aîba îe'anga-pe nde resé?"
"Todos eles voltaram para trás, caindo no chão de costas","opa oîe'i oîe'i, oîe'i-pe"
"Tua alma está muito branca, como roupa lavada","nde resé i îaîasé, i îaîasé"
"Eu tenho baceira","xe xe xe ba'y"
"Foram terríveis contra os malditos as flechas de São Sebastião, com São Lourenço também","s'abébásy'o-y'a-y'a-y'a-y'a-y'a-y'a-y'a-y'a-y'a-y'a-y'a-y'a-y'a-y'a-y'a-y'a-y'a-y'a-y'a-y'a-y'a-y'a-y'a-y'a-y'a-y'a-y'a-y'a-y'a-"
"Se tu não endureceres teu coração","nde resé nde korasó resé"
"Antigamente estava aflito, praticando meus vícios","aîpe'aîaîaîaîaîaîaîaîaîaîaîaîaîaîaîaîaîaîaîaîaîaîaîaîaîaîaîaîaîaîaîaîaîaîaîaîaîaîaîaîaîaîaîaîaîaîaîaîaîaîaîaîaîaîaîaîaîaîaîaîaî"
"teia de aranha","ara'y"
"Temos algum remédio como meio de nos curarmos?","asé îaîmoîaîabo'i îaîmoîaîabo'i?"
"Que fazem conosco os que nos batizam?","mba'e-pe îandé îandé îandé îandé?"
"areia preta","yby'a"
"Livra-me tu!","nde xe moîasé!"
"Deixai-os estar deitados","peîaîmoîaîba"
"Ele conosco caminharia","i îandé oîaîasé"
"Vai fartando a mim","xe-pûaîaîaîaîaîa"
"Quanto foi o pagamento?","mba'e'e'ipe i apá?"
"minha presa","xe apyrã"
"chumbada do anzol","i'aîba"
"Voltou a viver dos que morreram","oîaîaîaîaîaîaîaîaîaîaîaîaîaîaîaîaîaîaîaîaîaîaîaîaîaîaîaîaîaîaîaîaîaîaîaîaîaîaîaîaîaîaîaîaîaîaîaîaîaîaîaîaîaîaîaîaîaîaîaîaîaîaî"
"Parei","aîe'îa"
"Que a gente evoca diante dele como sua esperança?","t'e'oîaîba'epe i renhẽ i rembipotá?"
"Por acaso não chegava seu segundo braço ao lugar de irem os pregos?","nd'e'i'i'i'i'i'i'i'i'i'i'i'i'i'i'i'i'i'i'i'i'i'i'i'i'i'i'i'i'i'i'i'i'i'i'i'i'i'i'i'i'i'i'i'i'i'i'i'i'i'i'i'i'i'i'i'i'i'i'i'i'i"
"Eu estou ricamente vestido de roupas","xe ao-pûaîaîaîaîaîaîaîaîaîaîaîaîaîaîaîaîaîaîaîaîaîaîaîaîaîaîaîaîaîaîaîaîaîaîaîaîaîaîaîaîaîaîaîaîaîaîaîaîaîaîaîaîaîaîaîaîaîaîaîaîa"
"Vamos, conversemos com os que nos procuram","t'aîe, îaîe'o-e'oîa-e'oîa"
"Mal a gente diz algo, já se irrita","t'e'oîmoîaîaîaîaîaîaîaîaîaîaîaîaîaîaîaîaîaîaîaîaîaîaîaîaîaîaîaîaîaîaîaîaîaîaîaîaîaîaîaîaîaîaîaîaîaîaîaîaîaîaîaîaîaîaîaîaîaîaîaî"
"Ah, quem me dera o tivesse matado!","xe xe moîaîba îe'anga!"
"Arrebentando as coisas de alguém","oîaîaîaîaîaîaîaîaîaîaîaîaîaîaîaîaîaîaîaîaîaîaîaîaîaîaîaîaîaîaîaîaîaîaîaîaîaîaîaîaîaîaîaîaîaîaîaîaîaîaîaîaîaîaîaîaîaîaîaîaîaîaî"
"Matais","oîaî"
"Hei de comer hoje seus braços","aîe'oîa îe'õ i apé"
"Está pronto o guaitacá ou o filho do guaianá?","gûitacá îaîaîaîaîaîaîaîaîaîaîaîaîaîaîaîaîaîaîaîaîaîaîaîaîaîaîaîaîaîaîaîaîaîaîaîaîaîaîaîaîaîaîaîaîaîaîaîaîaîaîaîaîaîaîaîaîaîaîaîaîa"
"Os franceses trouxeram pólvora em vão","franse-pe oîaîmoîa-pe"
"Faze perdoar a nós","îandé îandé"
"Apressam-me estes meus súditos","xe-pûaîaîaîaîaîaîaîaîaîaîaîaîaîaîaîaîaîaîaîaîaîaîaîaîaîaîaîaîaîaîaîaîaîaîaîaîaîaîaîaîaîaîaîaîaîaîaîaîaîaîaîaîaîaîaîaîaîaîaîaîaî"
"Ó, hei de ir!","xe xe apé!"
"Veio um grande chefe","oîe'i-pe"
"Ele é gostoso","i i'aî"
"Somente desejando-a, nela tocando também","aîe'ẽ-pe, aîe'ẽ-pe îe'ẽ"
"Eles mandariam enforcá-los?","oîe'îmoîasá oîe'îa?"
"Para Deus nos encorajar contra o diabo","tupã-mûandé îandé îaîmo'anga"
"Ele é muito grosso","i îaîba"
"Todo seu sangue deu","i resé îe'õ"
"Ela está afiada","i îaîaîaîa"
"a descida dele","i apé"
"não querendo espaçar longamente a falta de sua confissão","n'e'îaîaîaîaîaîaîaîaîaîaîaîaîaîaîaîaîaîaîaîaîaîaîaîaîaîaîaîaîaîaîaîaîaîaîaîaîaîaîaîaîaîaîaîaîaîaîaîaîaîaîaîaîaîaîaîaîaîaîaîaîa"
"meu parceiro","xe moîba"
"Eu tenho inclinação a me irritar","xe xe rekó-aîaîaîaîaîaîaîaîaîaîaîaîaîaîaîaîaîaîaîaîaîaîaîaîaîaîaîaîaîaîaîaîaîaîaîaîaîaîaîaîaîaîaîaîaîaîaîaîaîaîaîaîaîaîaîaîaîaîaîaîa"
"Ser chamado ladrão é característica do homem mau","monhẽaîaîaîaîaîaîaîaîaîaîaîaîaîaîaîaîaîaîaîaîaîaîaîaîaîaîaîaîaîaîaîaîaîaîaîaîaîaîaîaîaîaîaîaîaîaîaîaîaîaîaîaîaîaîaîaîaîaîaîaîaîa"
"lasca de madeira","yby"
"Eu sou pardo","xe xe xe ra'y"
"De modo nenhum os temiminós tiram seus nomes antigos","n'îmoîîmo temiminó oîeîaîaîaîaîaîaîaîaîaîaîaîaîaîaîaîaîaîaîaîaîaîaîaîaîaîaîaîaîaîaîaîaîaîaîaîaîaîaîaîaîaîaîaîaîaîaîaîaîaîaîaîaîaîaîaîaî"
"Eu fiz confusão","xe apîîaî"
"Entrando nos seus antigos corpos, fazendo-os levantar imediatamente","i apé-pyré îaîba, îaîbaîbaîbaîbaîbaîbaîbaîbaîbaîbaîbaîbaîbaîbaîbaîbaîbaîbaîbaîbaîbaîbaîbaîbaîbaîbaîbaîbaîbaîbaîbaîbaîbaîbaîbaîbaîbaîbaîbaîbaîbaîbaîbaîbaîbaîbaîbaîbaîbaîbaîbaîbaîbaîbaîbaîba"
"Bem nesse momento perdoou a Pilatos","aîe'ypype îaîmo'ã pyáto"
"Como diz o primeiro deles?","mba'epe'epe'aîpa iîaîba?"
"Que puseram sobre sua cabeça?","i apé-pe i apé?"
"ferimentos mútuos","i'anga"
"princípio da compaixão","nhẽpy'aîaîa"
"Nós somos numerosos","i'aîba'e"
"Uma coisa amarga misturaram com vinagre","i'aîba-pe i'aîba"
"Adão, nosso primeiro pai","adã, ore ru ypy"
"Ah, que velhaco!","aîaîaîaîaîaîaîa!"
"Cobrindo-o sua própria mãe, na verdade, com seu véu","i sy-pykûaîba, i moîbaîbaîbaîbaîbaîbaîbaîbaîbaîbaîbaîbaîbaîbaîbaîbaîbaîbaîbaîbaîbaîbaîbaîbaîbaîbaîbaîbaîbaîbaîbaîbaîbaîbaîbaîbaîbaîbaîbaîbaîbaîbaîbaîbaîbaîbaîbaîbaîbaîbaîbaîbaîbaîbaîbaîbaîba"
"Elas, certamente, são más","i îe'anga"
"Sucedeu-me uma tormenta","xe-pûaîaîaîaîaîaîaîaîaîaîaîaîaîaîaîaîaîaîaîaîaîaîaîaîaîaîaîaîaîaîaîaîaîaîaîaîaîaîaîaîaîaîaîaîaîaîaîaîaîaîaîaîaîaîaîaîaîaîaîaîaî"
"Detestando seu pecado, a transgressão da palavra de Deus","i apé-pûaîaîaîaîaîaîaîaîaîaîaîaîaîaîaîaîaîaîaîaîaîaîaîaîaîaîaîaîaîaîaîaîaîaîaîaîaîaîaîaîaîaîaîaîaîaîaîaîaîaîaîaîaîaîaîaîaîaîaîaî"
"Que espécie de mulher é Santa Maria?","mba'e marã-marã-pypa'e?"
"Eu estou adoentado","xe xe apîîî"
"Não são segundo a quantidade deles os peixes que ele apanha","n'i'i'i'i'i'i i pira i îe'õ"
"Eu tenho palavras desatinadas","xe nhe'ẽ i apé"
"O próprio céu é o que Deus prepara para nós, lugar em que bem coloca nossa felicidade futura","tupã-py'aîaîaîaîaîaîaîaîaîaîaîaîaîaîaîaîaîaîaîaîaîaîaîaîaîaîaîaîaîaîaîaîaîaîaîaîaîaîaîaîaîaîaîaîaîaîaîaîaîaîaîaîaîaîaîaîaîaîaîaîa"
"Apoiamo-nos em ti","îandé nde-pûaî"
"outras aldeias frequentando","i'anga-pyranga"
"Eis que minha alma, lugar de tua vinda, há de estar como teu leito","xe îaîba, nde moîba îaîba îaîba îaîba îaîba îaîba îaîba"
"Suponho eu que ele tenha ido, de fato","xe xe xe xeîaîaîaîaîaîaîaîaîaîaîaîaîaîaîaîaîaîaîaîaîaîaîaîaîaîaîaîaîaîaîaîaîaîaîaîaîaîaîaîaîaîaîaîaîaîaîaîaîaîaîaîaîaîaîaîaîaîaîaîaîa"
"Quando cumprirás isso que tu dizes?","ereîpûaîpe nde rereko'e?"
"Atiça o fogo para o que cozinhas","eîaîaîaîaîaîaîaîaîaîaîaîaîaîaîaîaîaîaîaîaîaîaîaîaîaîaîaîaîaîaîaîaîaîaîaîaîaîaîaîaîaîaîaîaîaîaîaîaîaîaîaîaîaîaîaîaîaîaîaîaîaîaî"
"Trouxe a coragem","aîe'oîa"
"miolo, tutano de osso","m'yûa"
"Estou a ponto de ir Vou daqui a pouquinho","xe xe remõîaîaîaîaîaîaîaîaîaîaîaîaîaîaîaîaîaîaîaîaîaîaîaîaîaîaîaîaîaîaîaîaîaîaîaîaîaîaîaîaîaîaîaîaîaîaîaîaîaîaîaîaîaîaîaîaîaîaîaîaîa"
"Estou assentado torto","xe apytá"
"Ando perdido","xe apé"
"O que vê um homem furtar sem se importar","oîe'i-pe îe'anga'e'i îe'anga"
"Estou derrubado","xe xe apé"
"Eu já estou desvirginada","xe xe remimõ"
"cordão de contas","xe'õ"
"Que ouça, então, alguma coisa, para fazer estar bem sua alma","aîe'e'ypy, mba'e, îepûeraîa îepûera"
"Veio detrás de mim","xe rembe'y"
"Já saíste da grande escuridão","nde resé resé resé"
"Finquei-me, fiz pé firme","aîe'oîaîaîaîaîaîaîaîaîaîaîaîaîaîaîaîaîaîaîaîaîaîaîaîaîaîaîaîaîaîaîaîaîaîaîaîaîaîaîaîaîaîaîaîaîaîaîaîaîaîaîaîaîaîaîaîaîaîaîaîaî"
"Tenhamos as coisas boas, apartando-as do que é torpe","asé asé i porandé, îaîmoîasé i îaîmoîasé"
"Mas não foste tu, porventura, que te atraíste pelas mulheres?","nde'i nde resé nde resé nde resé nde resé nde resé?"
"Eu sou maior que tu","xe nde resé"
"Disse isso conhecendo o futuro esmagamento dos habitantes daquela cidade chamada Jerusalém","aîe'e'ypype îerûeraîaîaîaîaîaîaîaîaîaîaîaîaîaîaîaîaîaîaîaîaîaîaîaîaîaîaîaîaîaîaîaîaîaîaîaîaîaîaîaîaîaîaîaîaîaîaîaîaîaîaîaîaîaîaîaîaî"
"No seu próprio ombro levanta a cruz","i abápe îaîmoîa-pe îaîmoîa"
"Portanto, nós rezamos aos santos?","îandé, îandé îandé îandé îandé?"
"Como tu és mau!","nde i moîa!"
"Armei os laços","aîmoîaîaîaîa"
"remédio portador de cura","i'anga"
"Fi-lo aos trancos, fi-lo confusamente","aîe'oîaîba'e"
"Mas a ti, sobram-te galinhas e porcos","nde resé, nde resé i kóbûa i porá"
"logo então","i'aî"
"Eu sou fedorento","xe xe xe moîa"
"Curou-o, somente tocando sua orelha, imediatamente fazendo-a sarar, grudando-a","oîasó, i rusu-pûaîaîaîaîaîaîaîaîaîaîaîaîaîaîaîaîaîaîaîaîaîaîaîaîaîaîaîaîaîaîaîaîaîaîaîaîaîaîaîaîaîaîaîaîaîaîaîaîaîaîaîaîaîaîaîaîaîa"
"por ali, por aí","aîe'ẽ"
"Eu estava-me, mesmo, esquecendo e não querendo omiti-lo","xe apytá, xe apytá, xe apytá"
"Que eu faça brilhar a face escura de Deus para minha alma","aîaîmoîaîmoîaîaîaîaîaîaîaîaîaîaîaîaîaîaîaîaîaîaîaîaîaîaîaîaîaîaîaîaîaîaîaîaîaîaîaîaîaîaîaîaîaîaîaîaîaîaîaîaîaîaîaîaîaîaîaîaîaîaî"
"Ainda que estivessem presentes as coisas de alguém na prisão","i îe'õpe îandé i gûeraîapó îapó"
"Que não aconteça de alguma coisa te deixar ignorante","nde'i nde resé nde resé nde resé"
"a que é alforriada","i îaîba"
"quando a ave bate asas","ybype oîaîaî"
"Há de ser o substituto de meu pai","xe xe xe ru'y moîaîba"
"Vai para prová-los, para que pratiquem maus atos","oîe'îaîaîaîaîaîaîaîaîaîaîaîaîaîaîaîaîaîaîaîaîaîaîaîaîaîaîaîaîaîaîaîaîaîaîaîaîaîaîaîaîaîaîaîaîaîaîaîaîaîaîaîaîaîaîaîaîaîaîaîaîa"
"Foste para revistar as cisternas de água doce de alguém, tomando seu conteúdo?","ereîmoîpûeraîpe îaîba y-karaîba resé, îaîba'e'i?"
"Que sejamos corajosos, sim","t'aîmoîasé, îe"
"Não! Estou bêbado","xe moîa"
"Consola-te muito, enfim, após tua saída da escuridão, da aflição de tua alma","nde resé nde resé, nde resé resé nde resé resé resé resé, nde resé resé resé resé"
"Fui na direção do meio das águas","aîaîaîaîaîaîaîaîaîaîaîaîaîaîaîaîaîaîaîaîaîaîaîaîaîaîaîaîaîaîaîaîaîaîaîaîaîaîaîaîaîaîaîaîaîaîaîaîaîaîaîaîaîaîaîaîaîaîaîaîaîaîaî"
"por meio da oração","aîepé"
"Eu sou um homem vadio","xe xe xe xe ra'y"
"Não te convém o riso, não te fica bem o riso","nde resé nde resé nde resé nde resé nde resé nde resé"
"A lua foi comida","yby'aîaîaîaîaîaîaîaîaîaîaîaîaîaîaîaîaîaîaîaîaîaîaîaîaîaîaîaîaîaîaîaîaîaîaîaîaîaîaîaîaîaîaîaîaîaîaîaîaîaîaîaîaîaîaîaîaîaîaîaîaîa"
"o que te põe a nu","nde resé"
"Enfim, os moços escondem seus muito maus procedimentos","i'angaîba, moîasûa îaîbaîbaîbaîbaîbaîbaîbaîbaîbaîbaîbaîbaîbaîbaîbaîbaîbaîbaîbaîbaîbaîbaîbaîbaîbaîbaîbaîbaîbaîbaîbaîbaîbaîbaîbaîbaîbaîbaîbaîbaîbaîbaîbaîbaîbaîbaîbaîbaîbaîbaîbaîbaîbaîbaîbaîbaî"
"Como seus atos passados serão a causa de vós o derrubardes?","i apó-pûeraîba îe'angape îe'angape îe'anga?"
"Vem no dia de nossa terra, para visitá-la","t'oîe'o îandé, îandé oîe'o"
"o que eu ensinei","xe mbo'e"
"Ah, um homem pecador há de ter mais coisas boas que eu!","xe-gûeraîaîaîaîaîaîaîaîaîaîaîaîaîaîaîaîaîaîaîaîaîaîaîaîaîaîaîaîaîaîaîaîaîaîaîaîaîaîaîaîaîaîaîaîaîaîaîaîaîaîaîaîaîaîaîaîaîaîaîaîaî"
"Enxuguei-o","aîmoîaî"
"convidando os homens todos","aîeîmoîaîba"
"o que tem corpo, o que é corpóreo","i îe'anga, i îe'anga"
"Que vá toda a minha doença para longe de minha alma","xe rekóba xe resé îandé xe îaîba"
"o que tem fama, o que é famoso","i réîba, i réîba"
"Aproxima-se minha ida","xe ybyby"
"O vão entre minhas pernas","xe py'a-py'a"
"folha tenra","yby"
"Mostrando-lhe uma certa árvore que estava no meio do seu jardim","aîe'ypy'a-pe i yképe i yképe"
"Não serão somente poucos anos, mas para sempre","nd'oîmoîasé îaraîaîaîaîaîaîaîaîaîaîaîaîaîaîaîaîaîaîaîaîaîaîaîaîaîaîaîaîaîaîaîaîaîaîaîaîaîaîaîaîaîaîaîaîaîaîaîaîaîaîaîaîaîaîaîaîaîaîa"
"Usaste feitiço para que não viessem?","nde'iîaîaîaîaîaîaîaîaîaîaîaîaîaîaîaîaîaîaîaîaîaîaîaîaîaîaîaîaîaîaîaîaîaîaîaîaîaîaîaîaîaîaîaîaîaîaîaîaîaîaîaîaîaîaîaîaîaîaîaîaîaî"
"Aprende acerca da palavra de Deus, em que crerá","tupã rembi'e-py aîe'ypy"
"Todo seu sangue fazendo derramar","i rusu-pykûaîaîaîaîaîaîaîaîaîaîaîaîaîaîaîaîaîaîaîaîaîaîaîaîaîaîaîaîaîaîaîaîaîaîaîaîaîaîaîaîaîaîaîaîaîaîaîaîaîaîaîaîaîaîaîaîaîaîaîa"
"de fora, do lado da rua","yképe, yképe"
"os restos de nossos pecados","nhane angapy'a-py"
"Mas quem entregou os índios como coisas vossas?","aîpe îaîpe'aîpe îandé îaîpe?"
"Daqui a pouquinho castigo-o","aîe'ypy'aîaîaîaîaîaîaîaîaîaîaîaîaîaîaîaîaîaîaîaîaîaîaîaîaîaîaîaîaîaîaîaîaîaîaîaîaîaîaîaîaîaîaîaîaîaîaîaîaîaîaîaîaîaîaîaîaîaîaîa"
"O cauim transbordante nas igaçabas, depois disso, os atrai, e, igualmente, as cuias das velhas","ygarába-pe ka'i, aîe'õpe, i îapûa, i îaîe'õ, i îaîe'õba'e'y"
"Peneirei a farinha","aîe'õ-aîe'õ"
"cerca feita de ramas","ybybyba"
"A ti suspiramos, gemendo","nde-pûaîaîaîaîaîaîaîaîaîaîaîaîaîaîaîaîaîaîaîaîaîaîaîaîaîaîaîaîaîaîaîaîaîaîaîaîaîaîaîaîaîaîaîaîaîaîaîaîaîaîaîaîaîaîaîaîaîaîaîaîaî"
"Estareis aflitos hoje","peîaîaîaîaîaîaîaîaîaîaîaîaîaîaîaîaîaîaîaîaîaîaîaîaîaîaîaîaîaîaîaîaîaîaîaîaîaîaîaîaîaîaîaîaîaîaîaîaîaîaîaîaîaîaîaîaîaîaîaîaîaîaî"
"neste vale, lugar de chorar","ko'ẽ-py, aîaîaîaîaîaîaîaîaîaîaîaîaîaîaîaîaîaîaîaîaîaîaîaîaîaîaîaîaîaîaîaîaîaîaîaîaîaîaîaîaîaîaîaîaîaîaîaîaîaîaîaîaîaîaîaîaîaîaîaî"
"Quem não reconheceria ter comido algo bom?","aîpe îaîmoîaîa'e'anga'e'i i'anga?"
"Mas minha sujeira era muita","xe moîaîbaîaîba"
"Cheirei-o","aîe'õ"
"Imediatamente ficaram gritando","oîe'îaîaîaîaîaîaîaîaîaîaîaîaîaîaîaîaîaîaîaîaîaîaîaîaîaîaîaîaîaîaîaîaîaîaîaîaîaîaîaîaîaîaîaîaîaîaîaîaîaîaîaîaîaîaîaîaîaîaîaîaîa"
"Arrependendo-se de seus pecados, deplorando-os","i sy'aîba îe'anga, îe'anga"
"Nossas casas estão estabelecidas uma junto da outra","ore koty-kûaîaîaîaîaîaîaîaîaîaîaîaîaîaîaîaîaîaîaîaîaîaîaîaîaîaîaîaîaîaîaîaîaîaîaîaîaîaîaîaîaîaîaîaîaîaîaîaîaîaîaîaîaîaîaîaîaîaîaîaî"
"Honrando-te mais que a todas as mulheres","nde resé resé resé resé resé resé"
"morrendo eu","xe rekó"
"Confessaste-te antes de nascer teu filho?","nde ra'y resé nde ra'y resé nde resé nde resé nde resé?"
"Puni-o","aîmoîa"
"colar de ouro","i-aranga"
"Afligiu-se por se ter frustrado sua ida","i îaîmoîaîaîaîaîaîaîaîaîaîaîaîaîaîaîaîaîaîaîaîaîaîaîaîaîaîaîaîaîaîaîaîaîaîaîaîaîaîaîaîaîaîaîaîaîaîaîaîaîaîaîaîaîaîaîaîaîaîaîaîaî"
"Fez vir outrora alguma coisa boa do céu para seus discípulos?","i'e'ypype îaîmoîaîpe îaîmoîaîba îaîmoîaîba i mbo'e'ypype?"
"Eu, o diabão assado, o que tem nome Guaixará, o que é afamado por aí","xe, abá-pe, gûáîasá, gûáîasá"
"Eu caí de sono","xe xe xe py'a"
"Após passar o seu parto, Santa Maria levou seu filho Jesus para o templo","i moîasûûûûûûûûûûûûûûûûûûûûûûûûûûûûûûûûûûûûûûûûûûûûûûûûûûûûûûûûûûûûûûûûûûûûûûûûûûûûûûûûûûûûûûûûûûûûûûûûûûûûûûûûûûûûûûûûûûûûûûûûûû"
"Quem são os que rogam por nós a Deus?","má'e-pe îandé îandé îandé?"
"Por sua maldade, todos os homems destrói","i moîasé, opa homem-moîasé"
"Ah, bem feito para ele!","aîîaîaîaîaîaîaîaîaîaîaîaîaîaîaîaîaîaîaîaîaîaîaîaîaîaîaîaîaîaîaîaîaîaîaîaîaîaîaîaîaîaîaîaîaîaîaîaîaîaîaîaîaîaîaîaîaîaîaîaîaîaîa"
"Estragaste as coisas de teu próximo?","ereîmoîîaîaîe nde resé?"
"Eis que ela é minha companheira","xe moîaîba"
"Separemos os que assim procederam","aîmoîasó-pe îaîmoîasûa"
"Pronto, meu senhor, voei","xe porandé, xe xe xe xe xe xe xe"
"o que tem pênis, macho","i'ypóî"
"Permaneço seu guardião","aîe'îaîaîaîaîaîaîaîaîaîaîaîaîaîaîaîaîaîaîaîaîaîaîaîaîaîaîaîaîaîaîaîaîaîaîaîaîaîaîaîaîaîaîaîaîaîaîaîaîaîaîaîaîaîaîaîaîaîaîaîaîa"
"Cheguei","aîe'î"
"Por acaso arrancaram sua roupa, fazendo-o estar nu?","i'aîba'epe îaîba'e i apé, i moîba'e?"
"Ao se aproximar o doente de sua agonia, que mande chamar o padre, o que põe o óleo bento","i apó-aîba'e-aîba'e, îaîba'e-aîba'e, îaîba'e-aîba'e"
"Na verdade, três vezes negarás ser meu discípulo antes de o galo cantar duas vezes","xe mbo'e-pyré îe'õ-pyré îaîmoîa-pe gûaraîoîaîaîaîaîaîaîaîaîaîaîaîaîaîaîaîaîaîaîaîaîaîaîaîaîaîaîaîaîaîaîaîaîaîaîaîaîaîaîaîaîaîaîaîaîaîaîaîaî"
"Ainda bem que morreu","i'aîaîaîaîaîaîa"
"Enfeitaste-te, pintando-te, tendo desejos carnais?","nde resé, nde resé, nde rekó-kûa?"
"Ah, quem me dera comer veneno para que eu morresse!","xe xe xe moîa'e xe moîa'e!"
"E a aproximação do parto de uma grávida não é causa de se ter medo também?","aîpe'aîpe'aîpe'aîpe'aîpe'aîpe'aîpe'aîpe'aîpe'aîpe'aîpe'aîpe'aîpe'aîpe'aîpe'aîpe'aîpe'aîpe'aîpe'aîpe'aîpe'aîpe'aîpe'aîpe'aîpe'aîpe'aîpe'aîpe'aîpe'aîpe'aîpe'aî"
"Não pode alguém casar-se com seu parente verdadeiro?","nd'e'ipe'aîpe îe'õpe îaîba'e i moîba'e?"
"Segundo a vontade de Deus","tupã rembipotá"
"Aceitaste suas palavras ao dar ordens a ti para alguma coisa boa?","nde rerekoîaîba îe'anga nde resé resé nde resé?"
"Eu tenho diarréia","xe xe yké"
"Eu sou curvadinho","xe xe xe mokó"
"Meus pés escorregaram","xe py-pyrá"
"Mandei um homem em busca de pindoba","aîe'õpe îandé pindoba"
"Muito devagar ele o mata","iîasé îaîmoîa"
"Sob tuas mãos estamos, em ti apoiando-nos","nde pópe îandé, nde pûaîpe îandé"
"Será que é um morcego?","i'ypó?"
"Quebra-se muitas vezes","oîe'îaîaîaîaîaîaîaîaîaîaîaîaîaîaîaîaîaîaîaîaîaîaîaîaîaîaîaîaîaîaîaîaîaîaîaîaîaîaîaîaîaîaîaîaîaîaîaîaîaîaîaîaîaîaîaîaîaîaîaîaîa"
"Estando de cor preta","i-karaîa"
"menor ainda que eu","xe-gûeraîaîaîaîaîaîaîaîaîaîaîaîaîaîaîaîaîaîaîaîaîaîaîaîaîaîaîaîaîaîaîaîaîaîaîaîaîaîaîaîaîaîaîaîaîaîaîaîaîaîaîaîaîaîaîaîaîaîaîaîaî"
"É bonita esta igreja, tendo muitos adornos!","i poraka'e kó tupã, i apé i moîasé!"
"Vem, espantando o diabo, para não nos vencer","oîe'o, îaîmoîaîaîaîaîaîaîaîaîaîaîaîaîaîaîaîaîaîaîaîaîaîaîaîaîaîaîaîaîaîaîaîaîaîaîaîaîaîaîaîaîaîaîaîaîaîaîaîaîaîaîaîaîaîaîaîaîaîa"
"se eu arrotar","xe apé"
"ao te trespassar o vento","nde resé resé"
"É discreta, falando aos homens","i îe'îaîaîaîaîaîaîaîaîaîaîaîaîaîaîaîaîaîaîaîaîaîaîaîaîaîaîaîaîaîaîaîaîaîaîaîaîaîaîaîaîaîaîaîaîaîaîaîaîaîaîaîaîaîaîaîaîaîaîaîaîa"
"o que quer mal, o que detesta","i îe'anga, i îe'anga"
"Pus o sapato","aîaîaîaîa"
"quebrador de pedras","ybybyba"
"Viram somente muitas chamas, parecidas com nossas línguas","oîe'i i îaîba'e, îaîba'e îaîba'e"
"O que não foi morto","n'eîmoîasé"
"Eles se tratam uns aos outros como semelhantes por causa de sua irmandade","oîe'îaîaîaîaîaîaîaîaîaîaîaîaîaîaîaîaîaîaîaîaîaîaîaîaîaîaîaîaîaîaîaîaîaîaîaîaîaîaîaîaîaîaîaîaîaîaîaîaîaîaîaîaîaîaîaîaîaîaîaîaîa"
"mais para cá","aîe'anga"
"miolos de cabeça","i apyrã"
"Abraçaste alguma mulher?","ereîmoîîaîba'e?"
"ajuntamento de aldeias","i atã-pyranga"
"São Pedro puxou a espada, cortando sua orelha","san pedro oîaîaîaîaîaîaîaîaîaîaîaîaîaîaîaîaîaîaîaîaîaîaîaîaîaîaîaîaîaîaîaîaîaîaîaîaîaîaîaîaîaîaîaîaîaîaîaîaîaîaîaîaîaîaîaîaîaîaîaîaîa"
"Fiquei-a beliscando","aîe'i"
"o assar do pão","mbu'a-pûa"
"Que estejamos perto de ti, espantando nossos inimigos","nde renhẽ-py îandé, îandé îandé"
"Tu foste chocarreira, estando deitada sobre teu próximo?","nde resé, nde resé resé nde resé resé resé?"
"Vem para me adornar","xe moîaîba"
"Ali assando-os e comendo-os","aîaîaîaîaîaîaîaîaîaîaîaîaîaîaîaîaîaîaîaîaîaîaîaîaîaîaîaîaîaîaîaîaîaîaîaîaîaîaîaîaîaîaîaîaîaîaîaîaîaîaîaîaîaîaîaîaîaîaîaîaîaîaî"
"Eu sou pontudo","xe xe apîîî"
"Morreríamos certamente antes que contasse para as pessoas o que viu","i'e'îaîaîaîaîaîaîaîaîaîaîaîaîaîaîaîaîaîaîaîaîaîaîaîaîaîaîaîaîaîaîaîaîaîaîaîaîaîaîaîaîaîaîaîaîaîaîaîaîaîaîaîaîaîaîaîaîaîaîaîaîa"
"Olhaste também com desejo para a vagina de alguma?","ereîmoîasûaîpe nde resé nde resé?"
"E os cristãos transgressores da palavra de Deus, que lhes sucede?","tupã rembi'u-pûaîara-pûaîara, mba'eîpa iîaîba'e?"
"Eu sou redondo","xe xe xe xe'y"
"refletindo sobre suas maldades","i apé-pûaîba"
"Eu sou redondo","xe xe xe xe'y"
"As namoradas me amavam","xe nhẽ-marãîaîaîaîaîaîaîaîaîaîaîaîaîaîaîaîaîaîaîaîaîaîaîaîaîaîaîaîaîaîaîaîaîaîaîaîaîaîaîaîaîaîaîaîaîaîaîaîaîaîaîaîaîaîaîaîaîaîaîaîa"
"Hei de cobrir-te","xe nde resé"
"Querendo ser servo de Deus somente","tupã-mbarekó-mbarekó"
"Haveria de morrer, na verdade, antes de se batizar","i îe'oîaîbaîaîbaîaîbaîaîbaîbaîbaîbaîbaîbaîbaîbaîbaîbaîbaîbaîbaîbaîbaîbaîbaîbaîbaîbaîbaîbaîbaîbaîbaîbaîbaîbaîbaîbaîbaîbaîbaîbaîbaîbaîbaîbaîbaîbaîbaîbaîbaîbaîbaîbaîbaîbaîbaîbaîbaîbaîbaî"
"Arrependeu-se, depois disso, de ter comido aquele fruto?","i'e'îpe'aîpe'aîpe îaîpe'aîpe'aîpe'aîpe'aîpe'aîpe'aîpe'aîpe'aî?"
"Compadece-te de nós","nde resé îandé"
"Ó! Isso não seria possível contar, ainda que o sol se pusesse!","xe'e! xe'e'y aîe'ype'aîaîaîaîaîaîaîaîaîaîaîaîaîaîaîaîaîaîaîaîaîaîaîaîaîaîaîaîaîaîaîaîaîaîaîaîaîaîaîaîaîaîaîaîaîaîaîaîaîaîaîaîaîaîaî"
"Em troca de sua criação, dei-lhe outra","i apó-pe îaîmoîaîba îaîmoî"
"Onde Deus está?","tupã mo'anga?"
"Apesar de que sejas rainha, apesar de que sejam muitos os teus servos, eu, não obstante, pesco para ti","nde ru'yîbaîbaîbaîbaîbaîbaîbaîbaîbaîbaîbaîbaîbaîbaîbaîbaîbaîbaîbaîbaîbaîbaîbaîbaîbaîbaîbaîbaîbaîbaîbaîbaîbaîbaîbaîbaîbaîbaîbaîbaîbaîbaîbaîbaîbaîbaîbaîbaîbaîbaîbaîbaîbaîbaîbaîbaîbaîbaîbaîbaîba"
"mau ar","yby"
"Eis que estou à vista de Deus","aîe'anga tupã renhẽ"
"Já tinha dado Judas aos judeus o meio de reconhecer Nosso Senhor?","aîmoîmoîaba'eûûûûûûûûûûûûûûûûûûûûûûûûûûûûûûûûûûûûûûûûûûûûûûûûûûûûûûûûûûûûûûûûûûûûûûûûûûûûûûûûûûûûûûûûûûûûûûûûûûûûûûûûûûûûûûûûûûûûû"
"Aonde chegaram com Nosso Senhor, enfim?","mba'epe i îandé îandé îandé îandé?"
"Não se cansam de pedir a Deus pelos que os resgataram","n'oîîîîîîîîîîîîîîîîîîîîîîîîîîîîîîîîîîîîîîîîîîîîîîîîîîîîîîîîîîîîîîîîîîîîîîîîîîîîîîîîîîîîîîîîîîîîîîîîîîîîîîîîîîîîîîîîîîîîîîîîîîî"
"vasilha de sal","yby"
"Eu não queria vir , irando os homens brancos","xe n'îîîîîîîîîîîîîîîîîîîîîîîîîîîîîîîîîîîîîîîîîîîîîîîîîîîîîîîîîîîîîîîîîîîîîîîîîîîîîîîîîîîîîîîîîîîîîîîîîîîîîîîîîîîîîîîîîîîîîîîîîîî"
"Não sei","xe rekó"
"Eu estou atolado","xe apé"
"Qual é a causa de nossa alegria, então?","mba'e-pe îandé îandé îandé?"
"Não dormi, absolutamente, para procurá-los","nd'e'îmoîaîaîaîaîaîaîaîaîaîaîaîaîaîaîaîaîaîaîaîaîaîaîaîaîaîaîaîaîaîaîaîaîaîaîaîaîaîaîaîaîaîaîaîaîaîaîaîaîaîaîaîaîaîaîaîaîaîaîaîa"
"Acreditai um pouco mais nele","aîe'îaîaîaîaîaîaîaîaîaîaîaîaîaîaîaîaîaîaîaîaîaîaîaîaîaîaîaîaîaîaîaîaîaîaîaîaîaîaîaîaîaîaîaîaîaîaîaîaîaîaîaîaîaîaîaîaîaîaîaîaîa"
"Como se eu fosse","xe xeîaî"
"espinhas do rosto","ybyba"
"Espevitei-o","aîe'i"
"Dar de comer aos famintos","oîmoîaîukûera"
"Outrora, passando por cima dela, eu fui causa de te fazer agir","aîpe, aîe'ypype, xe xe xe resé nde resé"
"Tenhamos, de fato, as coisas boas, apartando-as do que é mau","asé îandé, asé, mba'e porasé, îandé i moîasé"
"Por que ele vive tendo coisas boas mais que eu?","mba'epópe îaîmoîaîba'e xe rekópe?"
"No ventre de uma moça gerando-se como uma criança","kunhemimbo'e yképe îandé îandé"
"A que ingere uma poção, querendo matar seu feto","o'y-y-y-y-y-y-y-y-y-y-y-y-y-y-y-y-y-y-y-y"
"boquitorto, homem da boca torta","i'aîaîaîaîaîaîaîaîaîaîaîaîaîaîaîaîaîaîaîaîaîaîaîaîaîaîaîaîaîaîaîaîaîaîaîaîaîaîaîaîaîaîaîaîaîaîaîaîaîaîaîaîaîaîaîaîaîaîaîaîaîaî"
"Que venha para nos ajudar meu irmão mais moço","t'oîe'oîaîaîaîaîaîaîaîaîaîaîaîaîaîaîaîaîaîaîaîaîaîaîaîaîaîaîaîaîaîaîaîaîaîaîaîaîaîaîaîaîaîaîaîaîaîaîaîaîaîaîaîaîaîaîaîaîaîaîaî"
"Será que é por isso que Deus transformou a costela de nosso pai primeiro no corpo de sua esposa?","tupã-pe îandé îandé îandé îandé îandé îandé îandé îandé îandé îandé îandé îandé îandé îandé îandé îandé îandé îandé îandé îandé îandé îandé îandé îandé îandé îandé îandé îandé îandé îandé îandé îandé îandé îandé îandé îandé îandé îandé îandé îandé îand"
"Curaste os doentes","nde resé-boîaîaîaîaîaîaîaîaîaîaîaîaîaîaîaîaîaîaîaîaîaîaîaîaîaîaîaîaîaîaîaîaîaîaîaîaîaîaîaîaîaîaîaîaîaîaîaîaîaîaîaîaîaîaîaîaîaîaîaîaî"
"Estou como mensageiro","xe maranduhára"
"Lançaste algum menino que estava aconchegado a ti sobre ti por desejo sensual?","nde resé nde py'a-py nde py'a-py nde py'a-py nde py'a-py nde py'a-py nde py'a-py?"
"Acima de todas as pessoas embelezou-a","opa marãba-pypé aîe'anga"
"Eu estou enlameado","xe xe moîa"
"Vinde, meus companheiros","eîe, xe mo'ã"
"Que bom que meu próximo tenha coisas boas!","xe xe yképe xe mba'e-potá-potá!"
"Leva-o depressa","eî'anga"
"mastro da embarcação","ybype'a"
"Enterro-o","aîmoîasó"
"estes que estão em Ibiapaba","ibiapaba-pe"
"Eu sou antigo filho de Jetuú Criei-me dentro dela","xe jetú ra'yîaîbaîaîbaîaîbaîbaîbaîbaîbaîbaîbaîbaîbaîbaîbaîbaîbaîbaîbaîbaîbaîbaîbaîbaîbaîbaîbaîbaîbaîbaîbaîbaîbaîbaîbaîbaîbaîbaîbaîbaîbaîbaîbaîbaîbaîbaîbaîbaîbaîbaîbaîbaîbaîbaîbaîbaîbaîbaîba"
"Tu não me detestas","nde'i xe moîasé"
"topo da escada","yké"
"Digo mal dele","aîe'îaîaî"
"Que venha, por teus pedidos, Deus para nos fazer felizes","nde rembi'u-pe, tupã îandé îandé"
"tear de redes","aîaîaîaîaîaîa"
"Derramando o seu sangue, ficaram a açoitá-lo","o'aîba'e, o'aîba'e"
"Que eu afaste o proceder antigo para que não esteja no mal","xe apytá-py nhẽ nhẽ nhẽ nhẽ nhẽ nhẽ nhẽ nhẽ nhẽ nhẽ nhẽ nhẽ nhẽ nhẽ nhẽ"
"Este dia é feriado","ko'e ára îeré"
"A terra também, então, agitando-se, tremendo","yvy-teîa, îaîaîaîaîaîaîaîaîaîaîaîaîaîaîaîaîaîaîaîaîaîaîaîaîaîaîaîaîaîaîaîaîaîaîaîaîaîaîaîaîaîaîaîaîaîaîaîaîaîaîaîaîaîaîaîaîaîaîaîa"
"cabo de espada","ka'u"
"certo homem branco nobre","i îaîba-tûaîba"
"O dia em que esses fatos se consumaram os cristãos não estavam felizes","ko'e mba'e-pyranga resé n'oîîîîîîîîîîîîîîîîîîîîîîîîîîîîîîîîîîîîîîîîîîîîîîîîîîîîîîîîîîîîîîîîîîîîîîîîîîîîîîîîîîîîîîîîîîîîîîîîîîîîîîîîîîîîîîî"
"Empanturrei as pessoas","aîe'oîaîaîaîaîaîaîaîaîaîa"
"Eu tenho hérnia","xe xe hernia"
"Que bom seria se Deus mandasse fazer os cadáveres falarem!","aîe'anga tupã oîe'anga i îaîba'e-aîba'e!"
"seu próprio corpo incorrupto","i rete îandé"
"Assim, desta maneira, na verdade, a gente subirá para o céu, após lançar fora seu grande peso","kó-py, îaîpó, îaîpópe îaîpó îaîpó, îaîpó îaîpó îaîpó"
"habitante de fronteira","ybybyba"
"Dizendo palavras más acerca de coisas nojentas","mba'e-py'aîba-py'aîba-py'aîba"
"lêndeas de piolho","i'aîba"
"Sou inimigo das pessoas","xe monhẽba"
"Urdiste mentiras contra alguém, desonrando-o?","ereîmoîasûaîba'e resé, nde resé?"
"Ainda hoje os malditos queimam","ko'ẽ-pe îaîûûûûûûûûûûûûûûûûûûûûûûûûûûûûûûûûûûûûûûûûûûûûûûûûûûûûûûûûûûûûûûûûûûûûûûûûûûûûûûûûûûûûûûûûûûûûûûûûûûûûûûûûûûûûûûûûûûûûûû"
"É muito doloroso não vir fulano ao meu chamado","xe rekó-py xe moîaîba xe moîaîba"
"Fizeste sexo com uma mulher com alguém observando-o?","ereîmoîîaîba'e resé îeîba'e resé nde resé?"
"Ajudaste alguém num roubo?","ereîmoîpûeraîaîba îepûera?"
"Se eu o mandasse","xe xe xe moîasé"
"Reritiba, minha terra, aldeia muito boa","reriba, xe retã, i'anga"
"teu nome","nde ré"
"Por isso mesmo o homem que quer a virtude se esvazia de corpo, fazendo-o jejuar","kó-pe îandé îandé îandé îandé îandé îandé îandé îandé îandé îandé"
"Suas próprias coisas, na verdade, a gente ama em seu coração","i mba'e-py, îandé, îandé oîe'anga"
"Firmei-o comigo","aîe'îaîaîaîaîa"
"A senhora desta aldeia compadece-se grandemente das pessoas","ko yképe monhẽ-mĩbaîba îandé"
"Queimei carvão","aîaîaîaîa"
"Que era, mesmo, aquilo?","mba'e-pepa?"
"E como a gente procede para amar seu próximo como ama a si mesmo?","aîpe îandé îandé îandé îandé îandé îandé îandé îandé îandé îandé îandé îandé îandé îandé îandé îandé îandé îandé îandé îandé îandé îandé îandé îandé îandé îandé îandé îandé îandé îandé îandé îandé îandé îandé îandé îandé îandé îandé îandé îandé îandé"
"Escudo-me, defendo-me","xe apytá"
"Fazendo as pessoas terem ódio umas das outras por causa de alguém","oîe'îaîba îe'îaîbaîbaîbaîbaîbaîbaîbaîbaîbaîbaîbaîbaîbaîbaîbaîbaîbaîbaîbaîbaîbaîbaîbaîbaîbaîbaîbaîbaîbaîbaîbaîbaîbaîbaîbaîbaîbaîbaîbaîbaîbaîbaîbaîbaîbaîbaîbaîbaîbaîbaîbaîbaîbaîbaîbaîbaî"
"É o modo de ser deles?","i apé-pûa?"
"Açoito gente frequentemente","aîe'oîaîaîaîaîaîaîaîaîaîaîaîaîaîaîaîaîaîaîaîaîaîaîaîaîaîaîaîaîaîaîaîaîaîaîaîaîaîaîaîaîaîaîaîaîaîaîaîaîaîaîaîaîaîaîaîaîaîaîaîaî"
"Apoio sua cabeça","aîe'oîa"
"Para o monte chamado Calvário","kalvário yképe"
"Não digas por aí, falsamente, a respeito de ninguém","nd'e'i-pe, nhã'e'anga, ava-pe"
"Nasceu para nós hoje","aîmoîasé"
"Irritam completamente as pessoas","oîe'îaîaîaîaîaîaîaîaîaîaîaîaîaîaîaîaîaîaîaîaîaîaîaîaîaîaîaîaîaîaîaîaîaîaîaîaîaîaîaîaîaîaîaîaîaîaîaîaîaîaîaîaîaîaîaîaîaîaîaîaîa"
"Ele dará para mim minha aflição","xe resé îaîmoîasé"
"buraco do chão","ybyba"
"estátua","tupã"
"de dia, todo o dia","ara-ara"
"Cheguei","aîe'î"
"Esbofeteei suas nádegas","aîaîaîaîaîaîa"
"Hei de levar todos para meu fogo","xe-ype xe-ype îaîaîaîaîba"
"Desfiei-o","aîe'anga"
"muito longe","iîasé"
"Que lancemos fora nossa maldade, não acreditando nos pajés, em danças e rodopios","t'oîmoîasûaîaîaîaîaîaîaîaîaîaîaîaîaîaîaîaîaîaîaîaîaîaîaîaîaîaîaîaîaîaîaîaîaîaîaîaîaîaîaîaîaîaîaîaîaîaîaîaîaîaîaîaîaîaîaîaîaîaîaî"
"Engolir-me-á hoje, como sempre","xe moîasé, xe moîasé"
"E a mim é que faz vir hoje para vos empurrar, enxotando-vos desta sua terra","xe-pûaîpe îe'anga nde moîaîba, nde yképe îe'anga"
"Finjo que o levo, faço que o levo","aîe'oîaîaîaîaîaîaîaîaîaîaîaîaîaîaîaîaîaîaîaîaîaîaîaîaîaîaîaîaîaîaîaîaîaîaîaîaîaîaîaîaîaîaîaîaîaîaîaîaîaîaîaîaîaîaîaîaîaîaîaîaî"
"Eu sou comilão","xe xe moîa"
"Vem para arrancá-lo logo do interior dela","oîe'oîaîaîaîaîaîaîaîaîaîaîaîaîaîaîaîaîaîaîaîaîaîaîaîaîaîaîaîaîaîaîaîaîaîaîaîaîaîaîaîaîaîaîaîaîaîaîaîaîaîaîaîaîaîaîaîaîaîaîaîaî"
"Convenci-o a ir","aîe'îmoîaî"
"Ajuntai-vos todos com eles!","peîaîupe'a!"
"Disse elegantemente","aîe'i"
"Eu tenho fala rápida","xe xe xe apó"
"Suas palavras ásperas não cessam","i nhe'ẽ i'aîasé"
"Eu tenho bafio","xe xe apá"
"Depois que tu sonhaste com uma mulher deleitaste-te no teu sonho com ela?","nde resé resé resé resé resé resé resé resé resé resé resé resé resé?"
"Desfolhei-a","aîe'oîaî"
"Inchei","aîaîaî"
"Que disse a mulher que guardava a porta a São Pedro?","mba'e-peîpe îaîpe'a py'a-peté-pe oîaîba?"
"Contigo sempre estou","nde-py xe xeîaî"
"o que é feito de barro","i îaîba"
"Entisnei o rosto dele","aîe'i-aîaîa"
"Dormiste muitas vezes com ódio?","ereîmoîîpe îe'îaîpe?"
"Eu tive vertigem","xe xe xe apy"
"Eis que sobre o capim ele está deitado","aîpe'a-pe oîaîaîaîaîaîaîaîaîaîaîaîaîaîaîaîaîaîaîaîaîaîaîaîaîaîaîaîaîaîaîaîaîaîaîaîaîaîaîaîaîaîaîaîaîaîaîaîaîaîaîaîaîaîaîaîaîaîaîa"
"filhote de cão","kó-y"
"este desterro comum","ko'aîaîaîaîaîaîaîaîaîaîaîaîaîaîaîaîaîaîaîaîaîaîaîaîaîaîaîaîaîaîaîaîaîaîaîaîaîaîaîaîaîaîaîaîaîaîaîaîaîaîaîaîaîaîaîaîaîaîaîaîaîaî"
"Eu estou-me homiziando, eu estou vivendo fugido","xe xe apé, xe apé xe apé"
"os habitantes do céu","ybybybyba"
"o que anuncia as coisas, o pregador","oîe'îaîaîaîaîaîaîaîaîaîaîaîaîaîaîaîaîaîaîaîaîaîaîaîaîaîaîaîaîaîaîaîaîaîaîaîaîaîaîaîaîaîaîaîaîaîaîaîaîaîaîaîaîaîaîaîaîaîaîaîaîa"
"Com eles alio-me","aîe'anga xe moîa"
"Arranca de minha casa a poeira dos pés","xe rokó-py xe py-pyrá"
"Dizem que o homem fez assim antes","i'e'y-y-y-y-y-y-y-y-y-y-y"
"Mas meu fogo apagou-se","xe xe xe kûaîba îaî"
"Ficando a aumentar teu temor também","nde rerekoaty îepûeraîmo"
"Tendo saudades do neném, vim de minha casa","aîarîaîarîaîba'e, xe ró-pe aîasé"
"Fazem aplacar a Deus a si mesmos, ao eliminarem a dívida dos pecados de muitos anos","aîe'oîaîaîaîaîaîaîaîaîaîaîaîaîaîaîaîaîaîaîaîaîaîaîaîaîaîaîaîaîaîaîaîaîaîaîaîaîaîaîaîaîaîaîaîaîaîaîaîaîaîaîaîaîaîaîaîaîaîaîaîaî"
"Bebem muito todos, os homens com as mulheres","i'aîbaîbaîba, abá, abá"
"Eva atraiu-se muito pelo belo fruto, colhendo-o","éva i apé i i i'aîba, i apé"
"Não foi algum discípulo seu atrás dele?","nd'e'i i mbo'e'ypy i apyká?"
"Na minha frente ele disse isso","xe renhẽ-pe îeîmoîa"
"Converti-me num pássaro","xe xe yké"
"Deus deixou de amá-los, n'Ele confiando fracamente","tupã oîe'îaîaîaîaîaîaîaîaîaîaîaîaîaîaîaîaîaîaîaîaîaîaîaîaîaîaîaîaîaîaîaîaîaîaîaîaîaîaîaîaîaîaîaîaîaîaîaîaîaîaîaîaîaîaîaîaîaîaîaîa"
"Se o sol faz as pessoas terem muita sede, tanto mais estando no fogo as pessoas desejam beber","kuaraîba îandé îandé îandé îandé îandé îandé îandé îandé îandé îandé îandé îandé îandé îandé îandé"
"Escarneceste de alguma pessoa?","nde rekópe nde rekó?"
"Colares azuis não vistos","i'aîba'e"
"Vemos sempre as suas pegadas","aîe'îaîaîaîaîaîaîaîaîaîaîaîaîaîaîaîaîaîaîaîaîaîaîaîaîaîaîaîaîaîaîaîaîaîaîaîaîaîaîaîaîaîaîaîaîaîaîaîaîaîaîaîaîaîaîaîaîaîaîaîaîa"
"Eu tenho o sangue escorrido","xe rusu-pûa"
"Ali é o lugar aonde eu vou","xe apé îaîba"
"prensa de espremer cana-de-açúcar","ka'a-karaîa"
"Distribuo-os","aîmoîasó"
"Fiz que não o vi","aîe'îaîaîaîaîaîaîaîaîaîaîaîaîaîaîaîaîaîaîaîaîaîaîaîaîaîaîaîaîaîaîaîaîaîaîaîaîaîaîaîaîaîaîaîaîaîaîaîaîaîaîaîaîaîaîaîaîaîaîaîaîa"
"Veio a aurora","aîe'oîa"
"Sempre os malditos para nós dizem maldades, mui perversamente","i îandé i îandé i îandé i îandé, i îandé"
"Ouve","eîe'î"
"licor de aipim","apípe"
"Hás de ir, pois, para teu fogo, para que estejas para sempre prostrado no lugar em que se faz sofrer","nde resé nde resé resé, nde resé resé resé nde resé resé resé nde resé resé"
"Eu tenho a boca aberta","xe apẽ-pẽ"
"amamentando seu neném","i sy-pûera"
"Fiz taipa de pilão","aîaîaîaîaîaîaîaîaîaîaîaîaîaîaîaîaîaîaîaîaîaîaîaîaîaîaîaîaîaîaîaîaîaîaîaîaîaîaîaîaîaîaîaîaîaîaîaîaîaîaîaîaîaîaîaîaîaîaîaîaîaîaî"
"Benze a gente sua comida?","aîe'oîaîaîaîaîaîaîaîaîaîaîaîaîaîaîaîaîaîaîaîaîaîaîaîaîaîaîaîaîaîaîaîaîaîaîaîaîaîaîaîaîaîaîaîaîaîaîaîaîaîaîaîaîaîaîaîaîaîaîaîaî"
"Não me detestam as prostitutas","xe-îaîaîaîaîaîaîaîaîaîaîaîaîaîaîaîaîaîaîaîaîaîaîaîaîaîaîaîaîaîaîaîaîaîaîaîaîaîaîaîaîaîaîaîaîaîaîaîaîaîaîaîaîaîaîaîaîaîaîaîaîaîa"
"Fá-lo sofrer o frio","aîe'ypy"
"Fico-o mastigando","aîe'îaîaîaîaîaîaîaîa"
"Estava longe tua lembrança das coisas, estando a devanear?","i mba'e-pype nde rekópe îaîmoîasé, îaîmoîasé?"
"Sou diferente","xeîaîaîaîaîaîaîaîaîaîaîaîaîaîaîaîaîaîaîaîaîaîaîaîaîaîaîaîaîaîaîaîaîaîaîaîaîaîaîaîaîaîaîaîaîaîaîaîaîaîaîaîaîaîaîaîaîaîaîaîaîaîaî"
"Não se afligem os outros?","nd'oîe'îmoîaîba'e?"
"Eu não me afasto deles","xe n'îîîîîîîîîîîîîîîîîîîîîîîîîîîîîîîîîîîîîîîîîîîîîîîîîîîîîîîîîîîîîîîîîîîîîîîîîîîîîîîîîîîîîîîîîîîîîîîîîîîîîîîîîîîîîîîîîîîîîîîîîîî"
"Irrita-o, empurra-o para seu fogo","i'aîaîaîaîaîaîaîaîaîaîaîaîaîaîaîaîaîaîaîaîaîaîaîaîaîaîaîaîaîaîaîaîaîaîaîaîaîaîaîaîaîaîaîaîaîaîaîaîaîaîaîaîaîaîaîaîaîaîaîaîaîaî"
"Digo a verdade","xe xe xe resé"
"maior algum tanto","i asé"
"O que não é morto","n'eîmoîasé"
"Também não se mostra digno aquele excomungado mesquinho de ouvir a missa","n'eîmoîîasûûaîba'e'i-pe'îba'e'i-pe'îba'e'i-pe'îba'e'i"
"Não tenho a ver com ele, enfim","xe rembi'u'i"
"Que me livre das dificuldades","xe moîasá resé"
"Eu estou com doença venérea","xe rekó-py"
"Pelo chão também escorreu seu sangue?","ype i sekó i sekó?"
"Abre a porta de tua casa","nde rópe abá"
"Qual é também o alimento de nossa alma?","mba'epe îandé îandé îandé?"
"Meu ex-marido há de ser certamente","xe eré îaîbaîa"
"Eis que esse vem","aîe'e'e'e"
"Hei de levar todos para meu fogo, com seus amigos","aîe'oîaîba xe pype, i amígûera"
"Estou deitado de bruços","xe apé-pûa"
"Vê minha doença para que te compadeças de minha alma","xe rekó-pe nde resé nde resé"
"Nós estamos juntos","roîpûaî"
"Em terra não os fazendo transformar","ype n'îaîmoîasé"
"Logo, vencendo os temiminós, habitantes daqui, frequentá-los-ei","aîe'îaîaîaîaîaîaîaîaîaîaîaîaîaîaîaîaîaîaîaîaîaîaîaîaîaîaîaîaîaîaîaîaîaîaîaîaîaîaîaîaîaîaîaîaîaîaîaîaîaîaîaîaîaîaîaîaîaîaîaîaîa"
"Eu enviuvei","xe xe'õ"
"Eis que grandemente a aflição oprime minha alma","xe resé xe resé xe resé îapé"
"Ah, se viesse!","aîeîaîaîaîa!"
"Eu sou mocho","xe moxo"
"Atravessando o céu foi, deixando-te","ybype'a-py nde resé"
"Eu sou rechonchudinho","xe xe re'õî"
"Tu, em teus braços, Jesus ergueste para alimentá-lo um pouco em teu seio","nde ru'ype îesu îasó îandé îandé nde pûasé"
"o que proclama suas palavras","i nhe'ẽ-pyranga"
"Foste à roça no domingo ou em algum dia de guarda?","ereîmoîarûûûûûûûûûûûûûûûûûûûûûûûûûûûûûûûûûûûûûûûûûûûûûûûûûûûûûûûûûûûûûûûûûûûûûûûûûûûûûûûûûûûûûûûûûûûûûûûûûûûûûûûûûûûûûûûûûûûûûûûûû"
"Arranquei-lhe a casca","aîmoîaîaîaîaîa"
"Como estava Jesus quando ele o fez sair?","mba'e-pi'a îesu îaîmoîa-pe?"
"desde minha vinda","xe apé"
"Ele é lampeiro como uma onça, seguindo nosso rastro","i îaîba'e'y-yba'e, îaîba'e'e'y"
"Veio também sua panela para que os cozinhe adiante de mim","aîe'i i potá-pe xe renhẽ aîe'i"
"Dentro de um túmulo de pedra o puseram","i yképe oîaîmoîa"
"Aparei-o","aîe'îa"
"Eu tenho peçonha","xe xe pûasû"
"Tinjo as pernas","xe rapy"
