tupi,portugues_pred
"eîme'eng pindá ixébe","Faça-o cair em cima de nós"
"aîpó e'ymeté, ko'arapukuî, pysaré nde maînanĩ nde 'anga resé-ne","E agora, hoje, tu vais ter a tua alma, a tua alma, a tua alma"
"i popebusu","seu povo"
"aîkupyîurar","Eu estou a dormir"
"a'e aé koba'e katu me'engara re'a","Eu sou o que é o que é o que é o que é o que é o que é o que é o que é o que é o que é o que é o que é o que é o que é o que é o que é o que é o que é o que é o que é o que é o que é o que é o que é o que é o que é o que é o que é o que é o que é o que é o que é o que é o que é"
"xe abangaíba","Eu sou o que me engano"
"asé mopyatãgûama resé","Eu sou muito mau"
"o boîáramo pe rari","Se ele te derrubar"
"aîekûarybykoî","Eu sou muito triste"
"abápe aîpoba'e oîmonhang erimba'e?","Onde é que eu vou para ter um homem bom?"
"itá repoti","a pedra de pedra"
"sasy nakó ygá-pukuîa","Não é difícil que o homem seja morto"
"i xupé îasûá oîeí eresapuká-pukaî","Que o seu pai seja muito bom para que ele seja muito bom"
"t'obasem esapy'a o îukaûãme","A gente está em seu lugar"
"na mba'e 'u potá ruã aîur","Não tenho nada de bom para comer"
"mokõî oîoirundyk oito 'ara sykeme, i 'apira mondoki","Os dois são os que se afastam de nós, de modo que nos afastam"
"a'e suí turi oîkobeba'e omanõba'epûera pabẽ rekomonhangane","Eu sou o que está morto, por causa da morte de seu pai"
"ta sesãî kó pe retama","Que este seja o teu corpo"
"xe ra'ysé","Eu sou o meu filho"
"nd'a'é te'e nde ratãngatu resé gûiîekoka","Não te deixarei levar por causa de tua grandeza"
"tekokatu repenhandápe peîkóbo","Fazei-vos com a vida"
"xe resaraî é gûitekóbo, n'aseîá-potá ruã!","Eu sou o que me faz sentir, não querendo ser assim!"
"ereîpotápe îandy-karaíba pupé ixé nde pixyba?","Quer que o que é o que é o que é o que é o que é o que é o que é o que é o que é o que é o que é o que é o que é o que é o que é o que é o que é o que é o que é o que é o que é o que é o que é o que é o que é o que é o que é o que é o que é o que é o que é o que é o que é o que é o que é o que é?"
"i mongu'ipyra","sua mãe"
"ingapema bé peru!","Que bom que seja!"
"sekó omongaturõ îandé rekó-poxypûera","Ele sempre fez cair a vida de seu pai"
"tupã momburûareté tatá pupé nde resyri","O fogo de Deus, que está em tua boca, te faz ficar furioso"
"asó py'i","Eu tenho o coração"
"xe nambi-asyk","Eu não sou muito mau"
"oré raûsubá îepé oré rekobé pukuî","Nós somos muito mais velhos"
"tupã o aûsubaraûama resé onhemoapysyka","Deus, porém, já o fez cair"
"a'ytab","Eu estou"
"mondarõ, nhe'engaíba, mo'ema nde resemõ","Enquanto te roubas, não te roubas, já te roubaste"
"pirá mondóbo pá","roubo de dinheiro"
"tó eẽ","Sim, sim"
"peîmo'ang ra'u xe ra'yrĩ gûé, peîmo'ang pe re'õ pupé pe ruba","Ajudem-me, filhos meus, a fazer o bem de seu pai"
"tupã amõ kunhãngatu monhangi","Deus é o que faz com que o homem seja rei"
"og ugûy pupé xe reî","A água está cheia de mim"
"i 'ekatûaba kotysaba é","É o que é muito forte"
"aîopi","Eu estou"
"ereîtykype kunumĩ amõ nde 'arybo moropotara suí?","Não te tiras de ti, por causa da tua carne?"
"oporandu benhẽ, n'i angaîpaba amõ supé ogûasema ruã-te","Perguntou-se verdadeiramente, não é verdade que o diabo está presente"
"auîebeté kó aîkó, ndébo ko siri reru","Por isso, não deixe este homem"
"iî abaíbeté asé atá mysakanga","Os que estão em paz, são os que estão em paz"
"tekorama ri îeapysaká","A vida é muito grande"
"oromoeté-katu nde xe pysyrõagûera resé","Tu me deixaste ser salvo"
"xe moaîu-marangatu aîpó tekó-pysasu","Eu sou o homem de Deus"
"mba'e-aé","Eu sou o que"
"pé rupi ogûataba'e","Por isso foi ele"
"sepŷápe, ereîakasó","Em primeiro lugar, tu vais"
"aîapapûar","Eu estou a fazer"
"xebe teîkeara","Eu sou muito velho"
"a'é benhẽ","Eu sou verdadeiro"
"kûybõ oma'ẽ-nhemima","O que está deitado"
"eîmoeté nde ruba nde sy abé","Fica com teu pai, com tua mãe"
"salve rainha oré îerobîasaba","Salva a rainha para nos servar"
"asasab pé gûitupa - estava atravessado no caminho aînĩ-asab","Eu sei que o que está por trás dele não é o caminho que ele atravessa"
"xe risi'ĩ","Eu estou deitado"
"asyby'ab","Eu estou triste"
"amõ kunhã suí i moingoébo","Eu sou o que faz com que ele seja"
"ybyrá itá-monhangymbyra kupépe","O mar em cima de uma pedra de pedra"
"xe rabarab","Eu sou um homem"
"aîemĩngatu kó gûitupa","Eu coloco esta coisa"
"ka'ape asó","Eu vou para o lado"
"nde 'anga osapy satá ogûeîypa","Tu, tu, tu, tu, tu, tu, tu, tu, tu, tu, tu, tu, tu, tu, tu, tu, tu, tu, tu, tu, tu, tu, tu, tu, tu, tu, tu, tu, tu, tu, tu, tu, tu, tu, tu, tu, tu, tu, tu, tu, tu, tu, tu, tu, tu, tu, tu, tu, tu, tu, tu, tu, tu, tu, tu, tu, tu, tu, tu, tu, tu, tu, tu,"
"ara yby sokeme, xe ruri","O mar de dia, meu rei"
"apak gûitupa","Eu sou muito velho"
"itá-u'uburu","a carne de pedra"
"pe rekate'ym sesé","Tu és o que faz o homem"
"xe 'anga","Meu pecado"
"n'aîpotare'ymi","Não quero muito"
"nde ko'ema, 'ara rorypabeté","Tu és tu, hoje, o que nos faz feliz"
"îaîpó-asá-sá i py resébe, krusá sosé nhẽ xe îara moîá","Com a sua morte, a cruz está em mim"
"i 'a","Ele é"
"-nde rapixara pixé, mba'enem-y îu!","- Tu estás a ser perseguido, ó homem de merda!"
"inimbó'i amõ reru","O que é que é que é que é que é"
"arokakar gûenũ","Eu tenho que ir"
"eva, îandé sy-ypy, onhemomotareté 'ybá-poranga resé, mboîa nhe'enga rupi","Eva, mãe de Deus, foi para a terra de Deus, por causa da sua morte"
"aî'atybakã-moín","Eu sou muito bom"
"aîmaman okytá ysypó pupé - amarrei o esteio com cipó aîmaman ysypó okytá resé","Eu tenho que ir para o céu, para que o esteio seja como o céu, para que o céu seja para nós"
"oîoaûsu-katupe amẽ oîopopysykyba'epûera?","Que é que é que o que está sendo feito?"
"marãpe nde rerokaba abaré reminongûera?","Que dia é que tu te tiras de tua casa?"
"xe atimandápe","Eu sou o homem"
"aîpoepyk pero","Eu estou muito triste, mas"
"oîme'eng-y bépe tupã ikó 'ara pupé mba'e amõ i angaturamba'e supéno?","Que Deus tem de fazer com que o homem seja maldito?"
"eboûĩ nde resá erobak oré koty","Que tu nos deixes ficar em casa"
"apyterybỹîa","a desobediência"
"akó ybakype ogûekó îakatu, îandé îara rekóû miapepûera pupé nhẽ abaré pópe re'a","Ao chegar ao céu, porém, o que está na terra, o que está na terra, é o que está na terra"
"orébe t'oré mondyki, nde irũmo t'oroîkobé","Nosso irmão, que nos rouba, é teu irmão"
"oîerokype asé santos ybakypendûara supé bé?","Que dançarão os santos, porventura, na terra?"
"i ma'enduar","Ele ouviu"
"putunusu porarábo, oroîkotebẽngatu","O que é bom, é bom, é bom"
"y-embe'yba","peixes de água"
"og ubixaba abé asé osapîá","O que está em casa, o que está em casa, o faz gritar"
"aroby-katupe ká i porangepîá-katûabo","Eu sou o que é o que é o que é o que é o que é o que é o que é o que é o que é o que é o que é o que é o que é o que é o que é o que é o que é o que é o que é o que é o que é o que é o que é o que é o que é o que é o que é o que é o que é o que é o que é o que é o que é o que é"
"morabuká-katu","O que é mau"
"nd'e'i te'e sero'a-ro'a i posyîa suí","Não disse que a gente era muito boa"
"aîkugûab","Eu estou deitado"
"îudeos ekomonhangábo i 'apira mondoki","Os judeus, porém, o condenaram por roubar sua casa"
"akaruk","eu tenho"
"turagûera moetesabamo kó 'ara îamoeté","O que é que é que é que é que é que é que é que é que é que é que é que é"
"aîepy-mongaraû","Eu sou um homem de fé"
"aîme'engĩ","Eu estou com medo"
"marã-tepene?","A tua alma?"
"asa'ubar","Eu sou um homem"
"ikó îu'i t'ere'u sepy resé","A gente come muito, muito bem"
"mba'easybora remimborará moarybé-ukasara bé 'ykaraíba","Para que o homem que faz mal seja bem, o homem que faz mal"
"i xama ri arasó","O que é que é o que é o que é o que é o que é o que é o que é o que é o que é o que é o que é o que é o que é o que é o que é o que é o que é o que é o que é o que é o que é"
"xe nhy'ãme t'ereîké, xe py'a moingatûabo","Para mim, tu és o que me faz sentir"
"nã takó îomomoranga re'a?","Não é que ele está a louvar?"
"kó xe 'anga, nde rusaba, nde rupabamo t'oîkó","Eis que eu, teu pai, estou no teu leito"
"i angaturamba'e reté i pokãngatu kûarasy sosé oberapa","O corpo de seus pecadores, por sua causa, é o que se faz"
"tining-atã","muito forte"
"oré tupãoketá","Nosso Deus"
"setá nhẽ ygasabusu","O que é o que é o que é o que é o que é o que é o que é o que é o que é o que é o que é o que é o que é o que é o que é o que é o que é o que é o que é o que é o que é o que é o que é o que é o que é o que é"
"okûabépe irã so'o, gûyrá, pirá, ka'a?","Que carne, carne, carne, carne, carne?"
"t'oîkó umẽ oka rupi oré 'anga monguébo","Por causa de alguém que nos deixou ir, nós somos os que nos deixaram"
"esa'angyne serasóbo","Eu sou o que vai ser"
"t'oîkó pabẽ ybypesûara nde remimotara rupi","Que o céu se torne um lugar de tua morte"
"katunhẽ eîerurébo oré katûagûama ri!","Que nos deixem ficar em paz!"
"asereb","Eu fui"
"i angaîpaba suí i moîepe'aesapy'a-uká","Os seus pecados, porém, são os que se afastam"
"itá karamemûã pupé i mondepa","A pedra de seu amigo é a que está"
"xe parati 'y suí aîu, rainha repîaka, xe akanga moîegûaka","Eu tenho o meu parati, o rei de minha casa, meu pai"
"o aobusu mondoró-ndoroka o marãmotaramo","Eu batizo o ladrão-morro quando ele é morto"
"endé, nde îybápe, îesu eresupi","Tu, em tua casa, Jesus te fez subir"
"so'o mbo'isaba","a preguiça da carne"
"ose'ymype gûá?","Que é que eu estou?"
"seébo","a sua própria"
"o monhemombe'ûarama resé oîkotebẽmo","O que é que o homem que fala é o que é"
"i momokõîndûara mendara moîekosupaba","Sua morte não é a morte de quem está morto"
"xe nhe'engyrygûan","Eu sou um homem"
"aybyrá-pan","o pão de peixe"
"temone a'ereme osykamo","Que o homem se afaste"
"na xe repy-marangatuî","Não me deixes ser santo"
"ogûatápe oré rekyîa","A gente está em nossa casa"
"rerityba","O que é que é"
"kuîa nhẽ i tĩ-ngá-tĩ-ngábo","A gente tem que ser muito boa"
"anhe'eng-atã","Eu sou muito forte"
"penhemoma'enduá anhanga ratápe i porarapyra resé ta pe angaîpab umẽngatutenhẽ","Que o que se faz com o pecado, por causa de sua bondade, seja o pecado de todos os pecadores"
"mamõpe i xóû o mba'e'u-pab'iré?","Que é que ele é o que faz com que ele come?"
"ka'amondoara","o queimador"
"só-kyra","a queima de sol"
"ixé xe katueté","Eu sou o único"
"xe roŷpyre'yma","Eu sou muito mau"
"i porambyrambykĩ xe nhemosaraîa ixébo","Sua misericórdia me faz cair"
"oporokurá-kuraba'e","Ele é muito bom"
"kunumĩgûasu catorze ro'y resé i xyke'yma, nd'e'ikatuî abá resé omendá","A mulher de quatorze anos, por causa de sua morte, não pode casar ninguém"
"aîty-kukur","Eu estou deitado"
"oîme'engîeby sepypûera morubixabetá supé","Não há nada de mais que a morte de um homem"
"abápe aîpoba'e oîmomaran?","Onde é que eu vou para morar?"
"mba'e apŷabap'aîpó?","Que coisa é que eu tenho?"
"asó amẽîepi","Eu vou para o outro lado"
"marãpe karaibebé tupã resé îerobîasara rubixaba rera?","Que Deus, porventura, fez com que o homem fosse adorado?"
"setá, sesé oîopuru-purûabo o kane'õ-ne'õnamo","Seita, a gente que está em meio a isso não vai ficar"
"oré pysyrõ-te îepé mba'e-aíba suí","Nós somos apenas os que nos livramos de coisas que são muito más"
"okuî rakó amũme 'ybarambûera o 'yba suí 'ybotyramo oîkóbo bé, amõ rakó ogûakyra pupé i kuî, amõ rakó ogûaîub'iré i kuî","Quando o homem de fora da terra, ou o homem de fora da terra, querendo ser, o homem de fora de casa, querendo ser seu pai, querendo ser seu pai"
"îukae'yma","Ele é o que está morto"
"xe rasok","Eu estou a ir"
"kó oroîkó oronhemborypa","Isto nos faz ficarmos felizes"
"îandé monhangara nhẽ erenoĩ nde îybápe","Que o que está em tua boca, seja o que está em tua boca"
"oporakakab? abá?","Que é que ele fez?"
"xe agûy-agûy","Eu sou muito velho"
"îamongûá moxy ru'uba","Que ele seja o queima de uma mulher"
"aîeká","Eu sou"
"xe yî","Eu sou o meu pai"
"îaru!","É muito bom!"
"-karaibebé serã, kó taba rarõaneté","- Por muito que seja, esta casa é muito bonita"
"eîmoingó-puku-katu kó taba tupã resé","Que este homem seja muito bom para Deus"
"mba'e resépe îuky-karaíba mondebi asé îurupe?","Que motivo tem o homem de fazer o que é bom?"
"oré remi'u 'ara îabi'õndûara eîme'eng kori orébe","Nosso Senhor nos deu o dia de nos livrar"
"aûîé, xe îuká îepé!","Eu sou, eu sou muito mau!"
"ku'aî","a cabeça"
"xe parĩ","Eu sou o pai"
"o'anga koîpó abá 'anga koîpó santo amõ ybakype tekoara renõîndara abé o îuraragûaîamo nhẽ, marãpe?","Que tal o espírito de Deus, que hoje está no céu, como o homem que faz o bem, se ele faz o bem?"
"kobé xe îurupara","Eu sou o que me faz ir embora"
"n'ama'ẽî","Não olhe"
"mytamytá-ypy","o que é o que é o que é o que é o que é o que é o que é o que é o que é o que é o que é o que é o que é o que é o que é o que é o que é o que é o que é"
"i porãngatu sekó","Sua glória é grande"
"anhemoeté-a'ub","Eu tenho-o"
"ereké-pipó eîupa?","Que é que você é?"
"ybytyra amongoty","a terra está ferida"
"i akanga resé a'e takûara reropûá","A sua boca é a que está bem"
"t'i poraká apó abá","O que faz bem é o que faz bem"
"i akytãmbûera","sua cabeça"
"oré remi'u 'ara îabi'õndûara eîme'eng kori orébe","Nosso Senhor nos deu o dia de nos livrar"
"oîkuab i marangatueté","Ele está muito santo"
"iîysapuku sama amõ","A gente está muito bem"
"xe roka pobu-potá","Eu tenho o meu coração"
"ipuku erimba'e îandé rubypy rekóû îase'o-monhanga","Por muito tempo, o que é mau é o que é mau"
"t'oú turi - deixa-o que venha t'oú turi ranhẽ","Vão para o túrio - deixa-o que venha para o túrio"
"pe rory, xe ra'yretá, xe ri","Tu, meu filho, me amas"
"îandé rarõmo","Ele é o que está em paz"
"miapé-ybakygûara, apŷabebé remi'u","A gente, muito velha, muito velha"
"nde ram","Tu és o teu pai"
"o îoamundabamo oroîub","Se ele se afundasse, ele se afastava"
"aîpó resé nhẽ, ko'y asaûsu","Eu sou o que está, hoje estou"
"eremondarõpe nde remirekó suí?","Esperaste a tua esposa?"
"o py'ape oîeroŷrõmo","A gente não tem o coração"
"xe ybyri tuî","Eu sou velho"
"ereîmoîebyrype kaûĩ nde poesemõneme?","Escolheste-te em tua casa?"
"ne'ĩ a'é","Não é o que eu sou"
"nde raûsuba poepyka","Tu estás sentado no seu lugar"
"okena robapy","A porta está fechada"
"tapi'irokaîa","o que é o que é o que é o que é o que é o que é o que é o que é o que é o que é o que é o que é o que é o que é o que é o que é o que é o que é o que é"
"ne'ĩ n'endé aé","Não te deixes levar"
"oîoîabenhẽpe tekokatu resé o a'yra moingoagûama ri i nhemosaînanyne?","Que alguém, por causa da natureza, tenha sido o filho de Deus, para que ele se tenha feito homem?"
"îandé moîeapykáû ikó 'ara pupé ranhẽ","A gente que está no caminho de sua morte"
"xe resemõ sauîá","Eu sou o que me faz sentir"
"gûyrá-sapukaîa îabé ereîetu'u nde atõî nhote abá, aûnhenhẽ eresó nde rokápe enhe'engá, nde rapopé moboka i xupé","Por isso, tu, que te tiras de ti, não te tiras de ti, que te tiras de tua casa, que te tiras de tua casa, que te tiras de tua casa"
"t'iru! ou iru!","Vão! Vão!"
"xe-te, xe rembiá-potá sabeypora amõ resé","Eu sou, meu amigo, o que é o que é meu amor"
"mba'epûera peîépe?","Em que lugar está?"
"îé, aîpó xe moytarõ","Sim, eu estou diante de mim"
"îabendûara","Ele é o que está"
"irõ bé!","É verdade!"
"opabẽ taba mondyki","Todos são ladrões de papai"
"asaembe'e","Eu sou o que mais"
"xe ropá serã?","Eu sou?"
"sapixara rerasóbono","O que faz com que o homem seja"
"i xy mombe'u-poranga xe moingotebẽngatu","A morte de seu pai me faz sentir"
"-oîerokype asé cruz supé? -oîeroky -a gente se inclina junto à cruz?","Dançou-se a gente junto à cruz?"
"xe t'oropysykatu, xe mundépe nde mbo'a","Eu te abençoarei, no meu mundo, teu ensinamento"
"ereîápe so'o îagûara remiîukapûera?","Onde está a carne de seu pai?"
"oîké îugûasu, i akanga kutuka","A gente tem que ser muito boa, muito boa"
"okytá","Ele caiu"
"mba'epe asé reté remi'u?","Que é que eu tenho de comer?"
"i por irãne","É muito bom"
"n'i pori be'ĩ xe aîó","Não me deixes vir"
"asereb","Eu fui"
"tupã tari","Deus é o que faz"
"abebé kó ybytu îá","Que este céu seja muito forte"
"our benhẽ i kera pé nhẽ obasemano","Nosso pai morreu por causa disso"
"aîerobîá-pyryb gûitekóbo","Eu sou um homem de grande valor"
"osóbo bé","Ele foi"
"i kanga îepotasaba pe'abo o îosuí","Sua raiva é que se faz a gente"
"kapi'ĩ sosé kó tuî, tapi'irusu karuápe","O que está aqui, no lugar dos homens"
"aîapyr-etab","Eu estou muito triste"
"ereîápe nde mba'e 'u roîré koîpó mba'e amõ mokon'iré?","Onde tens tu o que é que temos de comer para os dois?"
"marã-pakó xe sy xe mbo'ari erimba'e?","Que tal me ensinaste a minha mãe?"
"apŷaba nd'e'i te'e o 'ybamo nde mo'ama","Não disse que fosse seu filho"
"eîori xe 'anga reîa, i motinga","A minha alma está em mim, sua morte"
"pitanga robá sesãî i xupé","O que é bom é o que é bom"
"aîpoepyk semikûatiara","Eu tenho que ir para o outro lado"
"tupã ra'yreté anhẽ ikó abá","O filho de Deus, porém, está em seu lugar"
"nd'e'i ymûanĩ ahẽ aoba moaûîébo","Não disse que eu ia para o velho para ir para o outro lado"
"xe momotîasó ahẽ nhe'enga","Eu sou o que me lembro de ir embora"
"o 'anga resé oîeangûabo","O que é o que é o que é o que é o que é o que é o que é o que é o que é o que é o que é o que é o que é o que é o que é o que é o que é o que é o que é o que é o que é o que é o que é o que é o que é o que é o que é"
"oîkó bé xe taŷaíba","Eu sou muito mau"
"i 'amopikytĩpyra","Ele é o que faz com que ele se apaixone"
"xe îeysá-puku","Eu sou muito mau"
"se'yî i kuabypyre'yma tupã i monhangara remingûaba nhõ","A gente que tem o nome de Deus, a sua mãe, é a que tem o nome de Deus"
"nde pytuẽ na satãngatuî maíra!","Não te deixes levar o espírito do mundo!"
"kunumĩ-nhembo'e","A gente tem que aprender"
"ogûerasó amõ okusupe seroîkŷabo","Ele foi para a terra, sem ser ser humano"
"îagûara biãé ererasó, gûa'ysé o îoesé posé o ẽme, oîepysyrõ bé'ĩ","Para que o que está bem, seja bem, para que o que está bem, seja bem salvo"
"emonã ûĩ sekóû","Aceitem-no bem"
"îudeus supé sepîakuká","Os judeus são muito velhos"
"xe tĩ-titing - meu nariz tem titinga xe py-titing - meus pés têm titinga xe pi-titing","Eu tenho o pé-titindo - eu tenho o nariz com o pé-titindo - meus pés com o pé-titindo"
"n'i tybi tugûy nde membyrasápe","Não há água na tua boca"
"kó xe musuranusu","Eis meu mosurano"
"typy","o que é"
"na tenhẽ ruã","Não te afaste"
"asepîakatu","Eu sou muito"
"aîmimby","Eu sou o que entendo"
"ereîmombe'upe abá marã'eagûera nde mba'epûeramo?","Contaste-te com alguém que te fez passar a vida?"
"tekate'yma robaîara tekate'yme'yma","A gente está muito triste"
"anhamĩ - espremi-o aty-amĩ","Eu sou o que escrevi"
"katunhẽ eîerurébo oré katûagûama ri","A gente tem que nos levar para o inferno"
"xe nhe'engarũaíb","Eu sou um homem"
"osó xe ruba béno","Eu fui para o meu pai"
"aîmamã-rok","Eu sou o que faz isso"
"sendaba","caminho"
"îo'u","Ele comeu"
"ara nhemomosapyra pupé","O dia é que nos faz sentir"
"t'ereîuká ixébe paîé-aíba supé","A gente está muito bem"
"sesé nhõ abá resá apysykamo ybakype","Se o que está no céu é o que está no céu"
"aîukatu","Eu sou muito forte"
"nyn-nyng a'é","Eu sou o que é"
"xe 'anga rekobepûera xe remimokanhẽûera oîmoîebyrukar ixébone","Eu tenho a alma de Deus, que me faz ficar bem"
"i angaturãngatu moeburusûabo","Seu santo pecador"
"aûîeté pakó aîegûak ûiîemoúna","Eu sou muito mau, muito mau"
"aani-xûé ipóne","Eu fui para o lado dele"
"t'oroîtyk oré poxy","Que nos deixe ficarmos felizes"
"i îomba'e","Ele é muito bom"
"amõ anhangusu-manhana îepimemẽ xe momboî","Eu sou o que me ensina, o que me ensina"
"xe rembiá-potá sabeypora amõ resé","Eu sou o primeiro a saber o que é meu amor"
"sobábo akûab - diante deles passei nhoesembé robábo i kûáî","O que é que é que é que é que é que é que é que é que é que é que é que é que é que é que é que é que é que é que é que é que é que é que é que é que é que é que é que é que é que é que é"
"abá mongagûabo koîpó se'yma","O que é o que é o ladrão"
"a'e roîré ko'yté i koty obaka onhe'eng-abaetéramo","Eu sou o que está na parte de trás de sua casa quando ele está em casa"
"ereîeîopyk-ukarype nde maranungaramo?","Não te afligiste de ti quando te mataste?"
"opabĩ nde momoranga","Todos te amaram"
"aîmoaikatu","Eu sou capaz"
"eîori, xe îarĩ gûé, ta sorybeté xe 'anga nde 'aragûera resé","Vai, eu sou, para que o meu espírito se torne o teu povo"
"mba'e-u'uma, taîasu!","Que coisa, ó homem!"
"anhẽ, n'i tekokuabi","Sim, não há nada de bom"
"a'e abaré nde mongaraipara iraîtytataendy me'engi nde pópe","Eu também te vou levar com a mão a luz do teu Senhor"
"marã e'ipe o boîá mosapyr supé mitỹme o iké ré?","Que tal o homem que faz o que é bom para o filho de Deus?"
"marãnamo-piã xe pe'a îepé, pa'i gûé?","Que diabos me tiraste, teu padre?"
"xe 'anga omonem tekoangaîpaba","Meu Deus recebeu o pecado"
"nde rorype abá serekomemûãagûera resé?","Que te fez ficar feliz?"
"ta sasẽ, oîasegûabo!","Lá vai, está bem!"
"aîar itaîuba pedro suí","Eu tenho o pedro de pedra"
"aîmoîa'ok","Eu estou com raiva"
"koba'e îá","O que é que é"
"anhynhyng","Eu tenho medo"
"ikó 'ara pupé bé o angaîpagûera repyme'ẽngatusarûera ybakype aûnhenhẽ serasó-uká","Por causa disso, o que faz o pecado, o que faz o pecado, o faz cair no céu"
"aporokuaukar","Eu tenho de fazer isso"
"a'e-te kaûĩ pûaîtara","Eu sou apenas o queima de um cão"
"xe mendûera ipó re'ĩ","Eu tenho a minha alma"
"t'okanhẽ pe rekopûera","Comam a vossa vida"
"t'aka'une!","Que seja muito forte!"
"eîpytybyrok xe roka","Fica em minha casa"
"pekaî oîepegûasune","O que está em paz"
"a'epe supindûare'yma resé tupã renõîndara, marã?","Eu sou o filho de Deus, não é verdade?"
"ma'e resé îandé nhomongetá?","Que é que é que é o que é verdade?"
"pysaré serã ereîkó arinhama mokanhema?","Porventura, quer que eu o faça?"
"nd'oîkóîpe mba'e amõ tupã 'ara monhang'e'ymebé?","Não há nada que seja mais do que o que Deus faz com o homem?"
"lisboa akûeakoty","O que é que é o que é o que é o que é o que é o que é o que é o que é o que é o que é o que é o que é o que é o que é o que é o que é o que é o que é o que é o que é o que é o que é o que é"
"angûera resé tupã mongetasagûama","Deus, porém, não tem medo de o fazer"
"eîori oré pokoka","Vamos para nós"
"t'oîporeaûsuberekó îudeus","Ele fez-se sentir muito bem com os judeus"
"marãîasûaramo tupã xe rerasóû mã!","Que Deus santo me tenha atendido!"
"esykyîébomo, ereîkó-katumo","Se eu fizer isso, tu serás o que o faz"
"karaibebé serã, kó taba rarõaneté","Deus mesmo, esta terra é muito boa"
"sobyba'e","a morte"
"oîeperemõndûara","Ele está muito bem"
"anhonongatu o îoupé","Eu o encheria"
"paranãendy","o que está em fogo"
"tapuîa rarõsara","a queima de uma árvore"
"îandé-te, îandé retama t'ixepenhan","É verdade, é verdade que o homem é o que se apaixona"
"té! oîpotareté îandé ramuîa o ekobîareté îandébe","Que seja! É muito forte que o homem seja muito forte"
"xe angaturã be'ĩ temõ erimba'e mã!","Meu pecador é muito grande!"
"marã oîkóbo-tepe asé anhanga rembiaûsubamo sekóû?","Que será que o homem é o único que tem a vida de pecado?"
"o îarĩ kuapa aunhenhẽ","Eu tenho que ir para casa"
"xe nhe'engangaturam","Eu sou um homem"
"sa'ĩ xe îukae'ymi","Eu sou muito mau"
"ten amo'e","Eu sou o que disse"
"n'oîmomarã-mirĩ-angáîpe ybakygûara tupã remimotara?","Não é que o homem, por sua vez, é o que Deus faz com que o homem seja?"
"nha'ẽ-pyko'ẽ","Não se esqueça"
"arurusu","eu sou o que é"
"aîpó abá ma'e îara îandébe","Eu sou o que está em seu lugar"
"asakypûemomosem","Eu tenho de ir"
"catorze asé remierobîarama","Quatorze dias de adoração"
"aûîé! xe rorybeté","Eu vou! Eu vou"
"irumõmbyra","filho de um homem"
"a'epe se'yî kunhã tupã supé onheme'engyba'e oîkóbo","Eu sou o que é o Deus de Deus, que nos dá a vida"
"xe aterẽngatu","Eu sou um homem"
"tó! mamõpe ahẽ rekóû?","Que é que eu vou fazer?"
"s pedro itangapema osekyî","O que é o nome de Pedro, o que é o nome de Pedro, é o nome dele"
"îagûara remiîukapûera","A gente que está em paz"
"aîpobu gûaîbĩ py'a, i moŷrõmo, i momarana","Eu tenho o coração de um homem, que, por sua vez, é o que ele é"
"i apysy-katueté","Ele é muito forte"
"nã temõ ixé serubi mã!","Não se esqueça de ele!"
"xe mba'ekugûab","Eu sou o que me faz"
"okuî rakó amũme 'ybarambûera o 'yba suí 'ybotyramo oîkóbo bé, amõ rakó ogûakyra pupé i kuî","Quando o homem que está no meio da terra, fazendo-o, fazendo-o, o homem que está no meio dele, faz-o cair"
"moroîtykara","o que é o que é o que é o que é o que é o que é o que é o que é o que é o que é o que é o que é o que é o que é o que é o que é o que é"
"asé apysakûá-puka potá","Eu tenho que ir para o lado de fora"
"t'aîmopóne nde nhe'enga","Que te dê o nome"
"gûymaenhẽ gûixóbo","O que é que é o que é o que é o que é o que é o que é o que é o que é o que é o que é o que é o que é o que é o que é o que é o que é o que é o que é o que é o que é o que é o que é o que é o que é o que é o que é"
"ahẽ nhõ ikó i mba'e-katu, xe suí mã!","Eu vou para o que é seu, meu filho!"
"kamusi pora","o que é o que é o que é o que é o que é o que é o que é o que é o que é o que é o que é o que é o que é o que é o que é"
"ygá-pype","no meio da terra"
"oîaratã serã i aoba i nupãsagûera i moperé-perebagûera resé?","Será que o que é o que é o que é o que é o que é o que é o que é o que é o que é o que é o que é o que é o que é o que é o que é o que é o que é o que é o que é o que é o que é o que é o que é o que é o que é o que é o que é o que é o que é o que é o que é o que é?"
"umãmepe sekóû?","Onde está ele?"
"tatá-endy-etá, asé apekũ-abyare'yma anhõ osepîak","Queimando-se o fogo, o queimando-se o queimando"
"peîori, perasó muru","Vão, vamos, vamos"
"aryryî, opá xe uba îesyî","Eu sou muito velho, todos meus filhos são muito velhos"
"apykabapu'a","Eu estou sentado"
"xe rygeaíb","Eu sou o meu pai"
"oka'ugûasu pabẽ","a queimou-se"
"abaré abépe asé oîpiamondó?","Que mais alguém é que está aqui?"
"aka'apîasó","Eu estou muito triste"
"tupã rerobîá-katu nde py'a suí nd'o'iri","Que Deus te livre de ti, não te deixando levar"
"nd'ei te'e, o py'a pupé oîemongetá-ngetábo, tupã momburukatûabo","Não é verdade, pois, que o coração está em conversas com os homens, o que é Deus"
"-anga îápe pe roka? -oîkoé-katu","- Onde está o seu pai? - É muito forte"
"îapopûaratã, i moangaîpapa","Ele é o que faz mal, seu pecador"
"saûsuba rerekóbo","o que tem a cabeça"
"xe potaba nde!","Eu te vou matar!"
"i mara'aryba'e","Sua alma é maravilhosa"
"eresugûykápe kunhataĩ amõ?","Que tal o que está em tua boca?"
"xe ramũîa îagûaruna","Meu pai foi para a minha casa"
"marãpe i kugûabine?","Que é que é o que é seu nome?"
"sesé onhemonane'yma, oîabé sekó potare'yma","Seus filhos são os que se afastam, os que se afastam"
"paranã momungábo, ybytyra apyra sosé katu i mopu'ama","Para que o homem seja bom, o que faz com que o homem seja mau é o que faz com que ele seja mau"
"y anhẽ","água, água"
"marã-marã-pakó îeí xe rekóû?","É a vida de meu pai?"
"xe nhe'ẽ-matueté","Eu sou muito forte"
"y-akã","cabeça de água"
"asa'embé","Eu sou muito velho"
"anheté, kó nde rapé, a'e nde remiekara","Bem, aqui estás tu, aqui te estou tu"
"t'aroŷrõngatu anhanga","O que é mau"
"opakatu serã sygeapûá-kuîamo i ku'a sorokaba rupi?","Mas será que a mulher é muito boa por causa de sua pele?"
"xe su'umo marigûi","Eu sou muito mau"
"kó santo o mbo'esara rekopûera erimba'e oîkûatiar îandébo, seîá","Este santo, que é o que ensina, é o que faz com que ele seja santo, seu próprio"
"ka'a-pa'ũ","a caça-caça"
"marãpe ereîkó?","Que dia é que estás?"
"nd'e'i te'e abá tekokatu pupé onhemopepóbo o beberama resé","Não disse que a vida de qualquer pessoa se tornou mais forte para beber"
"marãnamope asé îobasabetá-etáûne?","Será que o homem vai ser santo?"
"orokûakeó","Nós nos enchermos"
"itá-pesembûera","a pedra-pessoura"
"aîkyty-kytyk mba'e-kagûera pupé","Eu tenho que fazer coisas muito mais"
"abá angaîpá-nhemima i kuapare'yma supé mombegûabo","O pecado de cada homem é o que faz o seu pai ficar longe"
"aîpó îandé ratá gûyra porama, sapypyrama","Eu sou o que faz o homem ser bom, o que é bom"
"aîu ramõ","Eu vou para o lado"
"ere'upe yby?","Tu tens água?"
"itakynhatimana","sua cabeça"
"nde nhyrõ oré angaîpaba resé orébe oré rerekomemûãsara supé oré nhyrõ îabé","Tu nos deixaste cair em causa dos pecados, nos deixando em causa de nós"
"serobîasare'yma potyrõû iî ybõîybõmo","O que é o que é o que é o que é o que é o que é o que é o que é o que é o que é o que é o que é o que é o que é o que é o que é o que é o que é o que é o que é o que é o que é o que é o que é o que é o que é o que é o que é o que é o que é o que é o que é o que é o que é o que é"
"eresópe abá îeky-'ye'ẽ supa, i pora rá?","Que alguém, por sua vez, tenha sido um homem de boa vontade?"
"asepyme'eng","Eu comprei"
"xe pé-bur","Eu sou o que está"
"opûerab amõnyme, tupã asé rerekokuapaba rupi é","Ele foi para a terra, por causa da presença de Deus"
"pe îoupé seîké potá, peîtyk pe angaîpaba","Seus pecados são bem, confessando-os"
"abá angaîpá-nhemima i kuapare'yma supé mombegûabo","O pecado de cada homem é o que faz o seu pai ficar longe"
"anhanga nde momburu","Eu te peco muito"
"kó bé ingapé-kûatiara","Esta é a verdade"
"kabaru repanakũ","O que faz com que o cavalo se enche"
"i mongaraibypyretá oîepegûasu îasûá","Sua morte é um sinal de que a gente está bem"
"n'i tyb-angáî setãmbûera opá akûeîme n'i poretáî","Não é bom ter uma irmã muito forte em todos os olhos"
"moraseîa é i katu, îegûaka, petymbu","É muito bom, porém, o que é mau, o que é mau"
"mutu'u resé tupã îekosu-berame'ĩ","Deus, porém, é o que é bom"
"xe akymaíb","Eu sou muito mau"
"yby-'ama","o mar"
"i moarûapaba t'aîmombe'une","O que é que é seu pai"
"xe rarõana opoapypyk îandune","Meu pai foi preso por causa dele"
"te'õ suí amanõ","Eu sou o pai de todos"
"adão, oré rubypy, oré mokanhemeté","Adão, nós somos os primeiros, nós somos os dois"
"e'ikatupe o îoesé omendá?","Pode ele casar-se?"
"atuî","Eu estou"
"anhangamo nhẽ i mondóû tatá ogûeba'erame'yma monhanga","Quando o homem que rouba o seu fogo, o rouba"
"ereîpotápe itaîuba?","Quer ter um filho?"
"y robaî","água que nos faz cair"
"o îesuí i mo'ẽuká asé resé","Jesus foi para sua morte"
"gûyrá rendaba","lugar de água"
"nõmo nhõ ma'e t'asenõî ndebe","Não te deixes levar por isso"
"o pytumimbykamo nhẽ nhemongaraibypyre'yma 'anga rekóû","A escuridão é a causa da morte de nosso espírito"
"ene'ĩ, temiminõ 'arybo nhẽ oîmombe'u o angaîpá-mirĩ anhõ","Por isso, o homem que não está no céu, diz que está em pecado"
"o îoati'yba ri","Ele foi para a terra"
"kûesenhe'ym bé sepîá-potá tenhẽ roîré","Que o que quer que seja o que quer que seja"
"asendu-potakatu","Eu sou muito forte"
"apu-apuk","Eu estou a chorar"
"mba'easybora-te aîekatu i 'uû","A gente tem que ser muito mau"
"xe boîáramo pabẽ xe pópe arekó-katu","Quando eu tenho o que eu tenho em minhas mãos"
"mene'yma resé oîkoba'e oîaby-eté tupã nhe'enga","A verdade é que há muito mais Deus"
"aó-tinga onong asé resé","Eu tenho que ir para o outro lado"
"endé konipó ixé","Nós somos os que nos encontramos"
"asé sy o membypitanga raûsuba sosé asé raûsume nhẽ","A mãe de um filho, por sua vez, está em paz com o homem"
"oîporarápe mba'e amõ a'epe oîkóbone?","Que coisa é que eu tenho de fazer?"
"nde ra'y-pupuka","Tu, teu filho, sorrias"
"xe îara re'õ renõîa","Eu tenho o que fazer"
"tupã resé o nheangerekosara","Deus nos faz ficarmos"
"gûaîbĩ moesãîa mbá","O que é mau é mau"
"a'e ipó asetobapé-pyténe","Eu tenho o corpo de seu pai"
"kunhã resé oîemoîoîaba'e","A gente tem que ser"
"nde moingóbo xe py'ape","Tu me acendeu no coração"
"our-eté'ĩ xe ruba mã!","Que mal é meu pai!"
"oky-ko'ẽ-ko'ẽ amana, paranã mopungábo","A gente que está com a chuva, a gente que está com a chuva"
"anheran i xupé","Eu vou para ele"
"tĩmbeba","o que é mau"
"mosapyr morubixaba","a morte de um homem"
"t'oma'ẽ îandé resé pitangĩ-moraûsubara","Que o homem seja muito bom para Deus"
"i mendá-mokõîa resé i byk'iré","Ele é o que faz com que sua mãe seja muito boa"
"aîmonhang serã-serã","Eu sou muito forte"
"oîkobépe amõ abá sekobîaramo?","Que foi o que fez com que eu fosse um homem?"
"pé ku'ape, kunumĩ pu'ama'ubi xe ri","Neste dia, o que me faz cair o que me faz cair"
"asó-asó-a'ub","Eu vou-me embora"
"nde porãngatu raûsupa","Que tu és santo"
"taba roma 'îápe","na terra de Roma"
"eîori i mosykyîébo","Faça-o ficar muito triste"
"i momanõmbyra","sua mãe"
"akó xe îubykarûera","Eu sou o que me faz cair"
"a'epe kunumĩgûasu kunhã oîmomosemba'e, miaûsuba potá nhẽ?","Como é que o homem que faz o mal, não é o que faz o bem?"
"ké turi îandé nupãmo!","Que tu te encostras!"
"nde-te ereberá i xosé, oré resapébo pá nde rekokatu pupé","Tu és o que nos faz amar, nos faz amar a tua vida"
"nde 'ekatu kó 'ara moapysyki","Tu, por causa de teu pecado, esta noite está"
"kûab-apûan","o quebra-cabeça"
"abaré koîpó amõ abá pyri morerokarûera nd'e'ikatuî omendá gûemierokûera resé","Porém, o homem que não tem fé em Deus não pode casar-se com alguém"
"arasó-ukar","Eu sou muito velho"
"pé rupi","por aqui"
"îarybobõ omonguî, ygara kuabĩ potá","A gente está a beber, a gente está a beber"
"emonãnamope tupã îandé rubypy arukanga nhẽ apóû semirekóramo?","Não aceitará Deus, porventura, o que faz com que o homem seja seu pai?"
"sory pakatu apŷaba","a força de sol"
"okûabépe irã so'o?","Que carne é que ele tem?"
"ta pe putu'ẽngatuté irã pe îemokane'õ ré","Que o que está em seu corpo seja o que está em seu corpo"
"eîkuabe'eng xe nhe'engaipaba","Fazei-me cair o que me faz cair"
"tekokatu angagûara tupã sy-angaturama","Deus é mãe de todos os pecados"
"mba'e o emimborará-tyba supé og osange'ymamo","Que o que faz com que o homem se enfraqueça"
"itá gûyrype","no fundo da pedra"
"atumbé-tumbek","Eu sou um homem"
"akûé tabusu îerusalém 'îaba","Eu tenho o que é o que é o que é o que é o que é o que é o que é o que é o que é o que é o que é o que é o que é o que é o que é o que é o que é o que é o que é o que é o que é o que é o que é o que é o que é o que é o que é o que é o que é o que é o que é o que é"
"xe rembiara rembyrûera arurĩ reîá supé","Eu sou o que me faz cair na terra"
"aopotukasara","Eu tenho de limpar"
"aîta'y-me'eng pedro","Eu vou para o céu, Pedro"
"o eîmbaba îagûara resé oîepyka, abá n'oîmomba'e'uî","Para todos os que estão no lugar de Deus, ninguém é digno"
"muru rokysyma îandé ratá poraká","O que faz com que o homem seja muito bom"
"xe mba'easy-potar îá","Eu tenho uma dor de cabeça"
"xe pinim","Eu sou o que me faz sentir"
"apŷabebé remi'u","Eu sou muito mau"
"a'ereme amõ aîukáne","Eu vou para o céu"
"kapi'i anhẽ rerupa","O que é que é o que é o que é o que é o que é o que é o que é o que é o que é o que é o que é o que é o que é o que é o que é o que é o que é o que é o que é o que é o que é o que é o que é o que é o que é o que é"
"t'aîtyk pá koty","A casa de um homem"
"té oureté kybõ reriûasu mã!","Que grande é o que é o que é mau!"
"kó xe rekóû nde reká","Esta é minha vida, tua vida"
"oporomoingobébo rame'ĩ, na supi ruã-te","Ele fez-nos ficar dormindo, não apenas com a sua cabeça"
"îudeos ekomonhangábo, i 'apira mondoki","Os judeus, porém, são ladrões de suas mãos"
"ereîamotare'ymype nde rapixara, serok-y -bé-kybémo?","Tu não vais para o outro lado de tua casa, rei-de-deuses?"
"páscoa îabi'õ tupãrara","Pascua é para Deus"
"nd'oîabyî muru arara","Não se afaste de sua vida"
"yba ting","o mar"
"kó xe ypy","Aqui eu estou"
"îandé kanhem'iré, tupã amõ kunhãngatu monhangi","Para ele, o deus é o que faz a vida"
"a'e ipó asetobapé-pyténe","Eu tenho o corpo de seu pai"
"oroîopynekûab","Nós nos movemos"
"ybakype tupã i moeté-katu resé o ma'enduaramo","No céu Deus ouviu o que ele disse"
"oú-mo'ang pe mondyîa","Chegou o ladrão"
"abá-nhe'engixûera","O que é que é que é"
"ahẽ morapitîarûera taté nhẽ anhẽ ybŷá oîuká","Eu vou para o inferno de um homem que está no meio de uma árvore"
"oîepegûasu t'îaîkó","A gente está muito bem"
"aîmẽ","Eu estou"
"îandé moetébo apŷaba nhemosaraî","A gente não tem que se afastar"
"ybytu îabé osunung, i abaeté suí osyîa","O céu, porém, está em sua boca, e sua boca está em sua boca"
"xe îurubok","Eu estou a gritar"
"aîababixûer","Eu estou com o queixo"
"kunhã-angaturama ababykagûere'yma","O que é o que é o que é o que é o que é o que é o que é o que é o que é o que é o que é o que é o que é o que é o que é o que é o que é o que é o que é o que é o que é o que é o que é o que é o que é o que é o que é o que é o que é o que é o que é"
"t'oroîtyk oré poxy, paîé rerobîare'yma","Que nos deixe ficar feliz, para que nos deixe levar"
"xe run","Eu corro"
"xe rembegûasu - eu tenho beiço grande mba'e-embegûasu!","Meu pai - eu tenho muito bem de mim!"
"u'uba mongûá-potá","O que quer que o homem seja"
"aîatapygûasu","Eu sou um homem"
"xe kunumĩ-era","Eu sou um homem"
"tupã nhe'enga asé mbo'esaba","Deus nos deu a vida"
"kó amoaé","Aqui estou eu"
"moraseîa é i katu, îegûaka, îemoúna","É muito bom, porém, ser muito forte, ser muito forte"
"i 'ã i 'ang xe retãme xe rekoagûera ixébo","Para que eu seja condenado em meu país"
"marãpe asé rekóû karukeme, o ker-y îanondé?","Como é que a vida de um homem, antes de ele, é uma coisa de grande importância?"
"a'epe a'e kunhã n'onherani i momarana?","Que não é que o homem não se apaixona por seu nome?"
"ndaroîaî mamõ xe sóû","Não tenho mãe minha"
"ebapó o soagûera suí tupã espírito santo mbouri","O homem que está em paz com Deus, tem o espírito santo"
"nd'e'i te'e yby asé purungaba tiruã aîpoba'e re'õmbûera reroŷrõmo","Não disse que o que está na terra, não é o que faz com que o homem seja morto"
"oré py'a-pyk","Nós somos muito"
"îandûara","Ele é o que está"
"peẽ aé-te peîeapirõ","Só vós, porventura, vos afasteis"
"oobapybo aîub","Eu tenho de ir"
"i nhyrõ ipó kori ixébene","Sua cabeça é muito grande"
"oré 'anga t'oîosu, sekopoxy mosasãîa","Nós somos o homem de Deus, o homem de Deus"
"maratekoara aé-amẽ ahẽ?","Que diabo é que eu vou?"
"abá momanhã-manhana","O que é que é que é que é que é que é"
"îori anhanga mondyîa, ta xe momoxy umẽ","Que o que me rouba seja o que me faz morrer"
"nd'oronhoamotari","Não nos afaste"
"n'oîmogûabi o nhemoŷrõ, n'i nhyrõî","Se não houver alguém que não se dê, não se dará"
"xe katu","Eu sou"
"anhẽ ûĩ!","Eu estou bem!"
"erepo'ẽpe nde rapixara rapupé resé?","Arrebateste-te com a tua cabeça?"
"na ixé ruã asó","Não vou para casa"
"ara rupi","por meio do dia"
"ereîkópe abá-mendare'yma resé?","Tu és o que mais te faz sentir?"
"sasy tekopoxy, tekomemûã pe'a biã, aûîeté a'e roîré abá apysykaturamo","A vida de um homem, a vida de um homem, é muito importante para nós, quando nos afligimos"
"aîpó oîoupé 'é abé, o îara repypûera reîtyki tupãokype","Com a gente que está aqui, o que está no fundo da terra, vai para o céu"
"oîmombe'u o angaîpá-mirĩ anhõ tubixabeté oseîá, abaré suí i mima","Dizendo que os pecadores são os que se afastam de nós, por isso, o que é mais importante é o que é"
"xe 'a!","Eu sou!"
"tekokatueté pé pe gûasemagûama resé","É verdade que o que está em seu lugar"
"aygá-pukuî","a morte de um homem"
"xe rybyt, nde nhyrõ xebo","Eu sou o que te faz cair"
"kuîa nhẽ i tĩ-ngá-tĩ-ngábo, ereîanga'o abá","A gente, por sua vez, tem que ser muito boa"
"e'u umẽ ikó 'ybá xe rekoate'ỹmbaba","Comei a minha carne, a minha carne"
"erobak oré koty nde resá-poraûsubara","Arranja-nos a nossa casa para que te possas"
"i moxyryrykypyra","Sua boca está ferida"
"xe cristão, xe karaí","Eu sou cristão, meu pai"
"xe apysakûaraby moranduba","Eu sou o que me salva"
"tupã karaibebé mbouri são josé mosaûsuba pupé i momorandupa","Deus, por sua vez, fez com que José, o santo, fosse o único homem que o conheceu"
"setapokãba'e","O que é santo"
"marã serã ture'ymi?","Que é que é o que é o que é o que é o que é o que é o que é o que é o que é o que é o que é o que é o que é o que é o que é o que é o que é o que é o que é o que é o que é o que é o que é?"
"sesé nde nhemomotaragûera ranhẽ t'ereîmombe'u","Tu, porém, te mandaste para o lado dos teus inimigos"
"îori xe moîekosupa, nde rekokatu me'enga","Que eu seja o que me faz morrer, o que te faz morrer"
"t'aroŷrõ tekomemûã","Que seja o que se faz"
"a'epe kunumĩgûasu kunhã oîmomosemba'e?","Que é que o homem que é o homem de verdade?"
"xe renõî umẽ îepé i xupé, na xe îukáî!","Não me deixes, antes que eu seja o que está por trás dele, chorar!"
"-abápe nde? -saraûaîa, aîuruîubupîarûera","Onde estás tu? - Bem, eu estou muito feliz"
"tupã ta'yra o sy suí i 'ar'iré îudeus i 'apira mondoki","Filho de Deus, a mãe de Jesus, foi o que fez com que os judeus roubassem sua vida"
"sugûy turusu ybype osyryka","O que está no mar de sua mãe"
"îeîbeté","Ele é muito"
"aîpepó-'ok","Eu estou deitado"
"asó gûarinĩramo","Eu vou como um homem"
"o emimotarybo épe erimba'e i nheme'engi og upîarama pé onherane'yma?","Que se faz com que o homem que não é bom seja assim mesmo?"
"tatá nde arõeté, i pupé t'ereîesy","Que tu te deixes cair, tu te deixas cair"
"okaî oúpa o ekobé rerekóbo","Ele foi para o lado de fora"
"xe rendy","minha luz"
"aîuká me'ĩmo mã!","Estou muito chato!"
"pyteri","o que é"
"opá o boîá nde pópe i mongûapa","Todos te deram as mãos com seus pecados"
"n'omoetéî o monhangara","Não se atreve a roubar"
"o îoaîuri aîmoín","Ele foi para mim"
"a'eba'e o'ar maria abá bykagûere'yma suí","Eu sou o que comeu Maria, a mulher de Deus"
"xe pinĩ-pinim","Eu sou muito forte"
"angaingaibora","o que é mau"
"abá 'anga mara'ara i pupé opûeîrá-katu","O que é que o dia de Deus é o que o faz"
"tapuîa rara","a gente está muito bem"
"andyrá-'aba","Eu sou muito mau"
"aîá pá îekuakuba","Eu tenho que fazer isso"
"-emonãnamope asé îeruréû santos-etá supé? -emonãnamo","Não é que o Senhor quer que os santos sejam muito mais santos?"
"tupã tekomonhangaba i abŷaramo ra'e","Deus é o que faz com que ele seja o que é"
"îamongûá moxy ru'uba, i xupé îaîemoîtỹamo","Que o que está em seu corpo, se ele for o que está em seu corpo"
"opakatu sasyeteba'e i arybeba'erame'yma porarábo","Todos os que sofrem com a sua morte são os que fazem o bem"
"xe irũ ã re'a","Eu sou meu amigo"
"asepy-sepyk","Eu estou muito triste"
"na abá o aûsubar-y îanondé ruã, na abá o pysyrõ îanondé ruãne","Não se vai para o céu, não se vai para o céu"
"asó morapépe","Eu vou para o céu"
"aîkobé, n'aîepe'aî i xuí","Eu sou, não deixando seu sangue"
"nd'e'i te'e mba'e amõ resé i moîekosupara tupã nhe'enga abŷabo","Não disse nada de que o homem fosse o que Deus quer"
"te'õ ereîporará","Que seja bom"
"marandé ipó ahẽ rekóû nhandu","O que é que eu sou, o que é que é que eu sou"
"seroŷrõmo opakatu ikó 'ara pupé seroŷrõmbyra sosé","Sem sermos todos, todos os dias, os que são sem ser são todos"
"xe pyta'ã-ta'am","Eu sou um homem de fé"
"eroîyb ahẽ supé","Eu vou para o céu"
"nd'e'i te'e mba'e-katu resé oîekosube'yma","Não diz que o que é verdade seja verdadeiramente mau"
"osykyîé nde suí anhanga, nde moabaetébo","Tu estás muito mal, teu pai"
"itamina pupé iî yké kutuki","A gente de sua casa está muito bem"
"amanõ-aíb","Eu sou o que está"
"na typyî","Não é um homem"
"xe rãîtatak","Eu sou o que me faz"
"aîá pá îekuakuba","Eu tenho que fazer isso"
"xe posaká, xe ratã","Eu sou muito bom, meu pai"
"tubixá-katu aîmbiré","Eu sou muito mau"
"eîepe'a!","Abre-o!"
"ererobîarype paîé îekaraimonhanga?","A gente tem que ser muito mais velha?"
"ygasápe kaûĩ-tuîa, a'e ré, îamomotá","No mar, o que está no meio, o nome dele, o faz morrer"
"opyk amana","Eu estou deitado"
"nde poxype nde remirekó asykûereté amõ resé koîpó i mũ-mbyryba?","Em tua alma, por causa da tua mulher, quem é que é o que te faz ficar tão triste?"
"îandé manhana ranhẽ t'osó îandé renondé","A gente de Deus, antes de tudo, está diante dele"
"sapó-rema","o que é o que é o que é o que é o que é o que é o que é o que é o que é o que é o que é o que é o que é o que é o que é o que é o que é"
"a'eîbépe ybŷá cruz mo'ami i atykábo?","Que diabo é que o homem que está na cruz é o que ele é?"
"xe apŷab","Eu sou o que me faz"
"okaî oupa aûîeramanhẽ o îurupe nhote aîpó o 'eagûera repyramo","Ele foi para o que eu estava, para que ele fosse para ele, para que ele fosse para ele"
"ty-apogûasu","o que é o que é o que é o que é o que é o que é o que é o que é o que é o que é o que é o que é o que é o que é o que é o que é o que é o que é"
"ereîkuakupe nde angaîpaba amõ abaré suí, senotĩamo nhẽ?","Tu conheces os teus pecados, como o que é santo?"
"opá i îeakypûereroîebyri, o atukupé pyterybo o'á ybype","Todos os que se afastaram de sua vida, foram para o mar"
"morotĩngatu nde 'anga, aoba i potukapyra rame'ĩ","Tu és santo, teu espírito, que te faz cair o seu nome"
"xe ybypiar","Eu sou o meu homem"
"i abaeté muru supé são sebastião ru'uba, são lourenço pyri bé","E, por isso, o que é o santo, São Lourenço, é o que é o santo"
"nde nhy'ã nde i moatãnhẽe'ỹme","Tu te afliges com a tua cabeça"
"akûeîme aîkotebẽ, xe rekopoxy purûabo","Eu estou em minha cabeça, minha vida está em minha cabeça"
"nhandu'i-kesaba","Esquece-se"
"îarekópe mosanga amõ îandé pûerasabamo?","Que eu tenha de fazer com que o homem seja preguiçoso?"
"marãpe asé rerokara asé rerekóû?","Que diabo é que nós temos?"
"ybyku'i-una","a água de um"
"xe pysyrõ îepé!","Eu sou muito bom!"
"te'inhẽ oupa","A gente está indo"
"a'emo îandé resé i atarimo","Eu sou o que é o que é o que é o que é o que é o que é o que é o que é o que é o que é o que é o que é o que é o que é o que é o que é o que é o que é o que é o que é o que é o que é o que é o que é o que é o que é o que é o que é o que é o que é"
"seby-sebykĩ ixébo","O que é o que é o que é o que é o que é o que é o que é o que é o que é o que é o que é o que é o que é o que é o que é o que é o que é o que é o que é o que é o que é o que é o que é o que é"
"mbobype sepy?","Que é que é?"
"xe pu'amagûera","Eu sou o que me faz sentir"
"pindá posyîtaba","a gente que está muito bem"
"omanõba'epûera suí sekobé-îebyri","Morreu o que foi morto por sua morte"
"apytá","Eu estou"
"mba'epe asé osenõî i xupé, o îerobîasabamo?","Que é que ele faz com que seu pai se enfraqueça, se ele é um homem?"
"ogûatá îepé serã i îybá mokõîa itapygûá soarama resé?","Que tal, porventura, ter de fazer com que os dois homens se casem?"
"xe aó-mondé-matueté","Eu sou muito grande"
"ne'ĩ t'îamongetá îandé rekasara ri","Não te preocupes com o que faz o homem"
"îeperibe'ĩ asé marã i 'éû onhemoŷrõ ymûan","Que o que é mais velho, mais velho, seja o que é mais velho"
"aîukámo mã!","Estou calado!"
"abá mba'e mombuka","Não há nada que seja mau"
"peîuká","Vão-se"
"t'a'u kori i îybapûera","Comeu o que é seu peixe"
"sekoaûîépe gûaîtaká koîpó gûaîanã ra'yra?","Que homem é o filho de Deus, neste mundo?"
"aîuruîuba mokaba ogûeru tenhẽ","A minha mãe, a macaba, veio para o céu"
"emoîerekûab orébo","Fazei-nos ficar"
"xe moanhẽ kó xe boîá","Eu me arrependo deste meu pai"
"t'asóne, gûy!","Vai, meu Deus!"
"oú tubixá-katu","Chegou a nós"
"sé","sim, sim"
"i potá nhote, sesé opokoka abé","É muito bom, por isso, que ele se apaixona"
"a'emo oîubyk-uká?","Que é que eu sou muito mau?"
"anhanga supé tupã asé mopyatãgûama resé","O que é que Deus faz com que o homem seja maldito"
"tubixabeté","de modo que o que faz"
"opá og ugûy me'engi","Todos estão em mau estado"
"saembé","a gente"
"seroapy'ambaba","Eu sou o que está a fazer"
"o nhemombe'ue'yma mopa'ũ-muku potare'yma","O que nos conta é o que é o que é o que é o que é o que é o que é o que é o que é o que é o que é o que é o que é o que é o que é o que é o que é o que é o que é o que é o que é o que é o que é o que é o que é o que é o que é o que é o que é o que é"
"xe rapixara","Eu sou o que me faz andar"
"xe nhemoŷrõndûer","Eu não me vou embora"
"sereroĩmbyra abá-mondá apŷabaíba rekoaba é","A vida de todos os homens é muito boa"
"ybyrá-pesembûera","o que é o que é o que é o que é o que é o que é o que é o que é o que é o que é o que é o que é o que é o que é o que é o que é o que é o que é o que é o que é o que é"
"xe pytang","Eu sou negro"
"naînanĩ temiminõ o erumûana mombó","Não tementei ninguém para ir longe"
"xe apatynã","Eu sou o que me faz"
"ogûetepûera pupé oîkŷabo, i mopu'ama kûeîeténe","A gente que está muito bem, tem muito mal, muito bem"
"a'eîbé pilatos supé oîerekûabamo","Eu tenho que fazer o que é bom para Pilatos"
"marã e'ipe iîypy?","Que é que é que é o que é o que é?"
"mba'epe onong i akanga 'arybo?","Que fez o homem com seu pai?"
"îoapixaba","Ele foi para a casa"
"moroaûsubara 'yba","O que é o que é o que é o que é o que é o que é o que é o que é o que é o que é o que é o que é o que é o que é o que é o que é o que é o que é o que é o que é o que é o que é o que é o que é"
"oré re'yî","Nós somos os que nos"
"mba'e-py'aûpîara kaûĩaîasy resé i monani","O que é que é o que é o que é o que é o que é o que é o que é o que é o que é o que é o que é o que é o que é o que é o que é o que é o que é o que é o que é o que é o que é o que é o que é o que é o que é o que é o que é o que é o que é o que é o que é o que é o que é"
"adão, oré rubypy","Adão, nós somos o que está"
"angaîpaba maniîabo mã!","Que maldito homem!"
"i xy aé ipó opîá o akangaobĩ pupé","Sua mãe, por sua vez, foi para o céu"
"a'e, rakó, i angaîpá","Sim, o que é mau, é seu pecado"
"o'ar 'yaíba ixébo","Ele foi para o céu"
"o angaîpaba, tupã nhe'enga abŷagûera reroŷrõmo","Ele é pecador, sem que Deus nos tenha mandado"
"marãba'e kunhãpe santa maria?","A santa Maria, porventura?"
"xe rekoruînhẽ","Eu sou o que me guarda"
"n'i îáî pirá sembiara","Não há nada de bom para o homem"
"xe nhe'engetá","Eu sou muito velho"
"ybaka aé tupã îandé resé i nhemosako'îaba, îandé mba'ekaturama nongatûaba re'a","Para que Deus nos dê a terra, não nos deixará, pois não nos deixará"
"oroîekok nde resé","Eu te vou mandando"
"amõ taba rapekóbo","Eu sou o que faz isso"
"kó xe 'anga, nde rusaba, nde rupabamo t'oîkó","Eis que eu, teu pai, estou no teu leito"
"""osó ipó"" a'ea'ub niã ixé","Vamos para fora"" de mim mesmo"
"erimba'epe aîpó nde 'îaba ereîmopóne?","Tu, porventura, te mandaste para o inferno?"
"esatapy nde remimõîa","Esquece-te de tua mãe"
"myatã ogûeru","A força se aproxima"
"kanga putu'uma","o que está em cima de nós"
"a'ar apyrĩ - estou prestes a cair our apyrĩ - está já para vir asó apyri'ĩ","Eu tenho que ir para casa - estou prestes a cair nossa casa - está bem para vir para casa"
"aín-apẽ","Eu sou o que está"
"xe ropá-ropar","Eu estou de pé"
"abá mondarõ osepîakĩba'e","O que está em paz com alguém"
"aîero'ar","Eu estou a ir"
"xe kûar ymûan","Meu velho pai"
"mbo'yrysy","o que é o que é o que é o que é o que é o que é o que é o que é o que é o que é o que é o que é o que é o que é o que é"
"t'oîapysaká a'ereme marã o 'anga moingó-katuagûama resé","Que o que está em paz, seja o que está em paz com Deus"
"xe atuaî turi","Eu sou um homem"
"eresem ymã putunusu suí","Veja o que é velho"
"aîeatyká","Eu estou muito forte"
"- îarekó é rakó mba'e-katu i poxyba'e suí i mouruébo","- Que o que tem o que é o que é o que é o que é o que é o que é o que é o que é o que é o que é o que é o que é o que é o que é o que é o que é o que é o que é o que é o que é o que é o que é o que é o que é o que é o que é o que é o que é o que é"
"na nde ruã-te-pakó kunhã ri ereîemomotá?","Não te tiraste de tua casa?"
"ixé nde sosé","Tu és o que está em paz"
"akûeî tabusu îerusalém 'îaba pora mombebaûama kuapa nhẽ aîpó i 'éû","O que é que é bom para Jesus, é que é bom para ele, para que seja bom para ele"
"o ati'yba ri kurusá osupi","O que foi para a terra de peixes foi para a terra de peixes"
"emonãnamope asé îeruréû santos-etá supé?","Não aceitará, porventura, o que é santo?"
"nde poxy ûĩ!","Tu és muito bom!"
"aîusã-moín","Eu sou muito mau"
"mosanga mûeîrabyîara","o que é o que é o que é o que é o que é o que é o que é o que é o que é o que é o que é o que é o que é o que é o que é o que é o que é o que é o que é o que é o que é o que é o que é o que é o que é o que é"
"aîapixosok","Eu estou muito"
"endé-te, nde resemõ arinhama, taîasu","Tu, tu, tu, tu, tu, tu, tu, tu, tu, tu, tu, tu, tu, tu, tu, tu, tu, tu, tu, tu, tu, tu, tu, tu, tu, tu, tu, tu, tu, tu, tu, tu, tu, tu, tu, tu, tu, tu, tu, tu, tu, tu, tu, tu, tu, tu, tu, tu, tu, tu, tu, tu, tu, tu, tu, tu, tu, tu, tu, tu, tu, tu, tu,"
"a'ereme bé","Eu sou o que é"
"xe nem","Eu sou teu"
"oîposanong, i nambi atõîa nhote, aûnhenhẽ i monga'ẽmo, i moîepotá","Ele é muito grande, não é que ele seja muito grande, como ele é grande, seu amor é grande"
"ebokûea rupi","por causa da boca"
"xe resaraî é gûitekóbo, n'aseîá-potá ruã!","Eu sou o que me faz sentir, não querendo ser assim!"
"t'amoberab tupã robá-pytuna xe 'anga supé","A minha alma é a deusa de Deus"
"oubé rakó abá mba'e mundépe oína biã","A gente tem que fazer tudo no mundo"
"te'itenheumẽ mba'e amõ nde motekokuabe'yma","Que seja o que te faz sentir"
"i mokunhãmbyra","sua mãe"
"gûyrá pepekeme","Bem, bem, bem, bem"
"xe ruba rekobîara é re'ĩ","Tu és o que faz o pai"
"eîori sa'anga t'oîpuru tekó-poxy","A gente tem que usar a vida"
"eresópe abá îeky-'ye'ẽ supa, i pora rá?","Que alguém, por sua vez, tenha sido um homem de boa vontade?"
"t'oré pyatã, angá","Que seja o que está, o que está"
"aanumẽne! asabeypó","Eu vou comer! Eu vou ter com ele"
"nde apysy-katu ko'yté pytunusu nde 'anga moingotebẽsagûera suí nde sem'iré","Tu, tu que estás no meio da escuridão, tu és o que te faz cair em tua alma"
"y-pytera koty asó","A minha casa de água"
"tupãmongetá pupé","O que é Deus"
"abá-ekotenhẽ ixé","Eu tenho o que é"
"na nde arõî nde puká","Não te vou embora"
"îasy mba'e i 'upyra","O que é mau é mau"
"ikatupe nde moĩndara","Talvez não te deixes"
"aûîé kunumĩgûasu o ekó-aíbeté oîomim","A gente que está em paz, está em paz"
"marãpe sekoagûera peẽ i mbo'aragûama?","A quem é que vocês são os mestres?"
"eîori oré retama 'ara rupi nhẽ, i xupa","A gente está por causa do nosso corpo, por causa dele"
"xe remimbo'epûera","Meu discípulo"
"abá-angaîpabĩ takó mba'e-katu ogûerekó xe suí mã!","Que o que é mau, o que é mau, é meu pai!"
"aîmoaku'i","Eu estou a morrer"
"apŷaba sogûabo pá","Eu sou muito mau"
"seteba'e","a partir de hoje"
"t'osó-pá xe mara'ara kûepe xe 'anga suí","Esquece-me, em minha casa, o meu espírito"
"serapûanyba'e","o que é um serapão"
"okakar xe sorama","Eu fui para o outro lado"
"xe rakamby","Eu sou o meu pai"
"sokyra","a minha mãe"
"amõ 'yba gûemityma pyterype o'amba'e kuabe'enga","A gente que está em paz, que está em paz, tem que ser muito feliz"
"na mboby nhõ ruã akaîu-'aîubane aûîeramanhẽ-te","Não vou para o céu, para que eu não seja mais velho"
"mosangape ereîpuru ture'ymagûama ri?","Tu usaste o nome de Deus como o de um homem?"
"onhembo'e tupã nhe'enga o emierobîarama resé","Ensinou a palavra de Deus para que ele se humilhasse"
"og ugûy-tekatu i mo'ẽ-uká","A água é a força de sua boca"
"okara koty","ele está em casa"
"asé angaîpaba rembyrûera","Eu sou o que faz pecado"
"abá-tepe erimba'e, pe mba'erama resé apŷaba me'enga'ubi?","A quem é que você está, por causa da morte de seu pai?"
"aînupã apyri'ĩ","Eu sou o que está de pé"
"ygasápe kaûĩ-tuîa a'e ré îamomotá, oîoîá gûaîbĩ rekuîa","Ao longo do mar, o nome de Deus é conhecido, sendo o rei de todos os homens"
"au'i-mogûab","Eu sou um homem"
"ybyrá-pokanga","A água do mar"
"nebe oronheangerur oré poasemamo","Não nos encheram de nós"
"peporeaûsu korine","A gente está muito bem"
"ikó ybytygûaîa îasegûaba pupé","A gente que está no céu, tem que ser muito boa"
"abámo mba'e-katu 'uagûera n'oîkuabi xûé?","Que coisa é que não é feita por alguém?"
"xe ky'a-te turusu","Eu sou um homem de pele"
"asetun","Eu sou o que é"
"aûnhenhẽ sasẽ-sasemamo","Eu vou para o céu, como um grito"
"o angaîpaba moasŷabo, seroîasegûabo","Ele é pecador, sem causa, sem causa"
"xe apyri tuî - ele mora a meu lado o îoapyri oré roka ruî","Eu tenho o meu pai - ele morre de lado meu, nos fazendo cair"
"opabĩ kunhã sosé nde momba'etébo é","Todos os que estão em paz te abençoam"
"gûimanõmo","nós somos"
"erenhemombe'upe nde memby-kuî îanondé?","Contaste antes de teu filho?"
"arekomarã","Eu tenho"
"itaîu-po'yra","Filho de uma mulher"
"o sorambûera resé sekotebẽû","O que nos faz ficarmos bem"
"oîmbourype erimba'e mba'e-katu amõ ybaka suí o boîaetá supé?","Que se tornou o homem que se tornou o homem que se tornou o homem que se tornou o homem?"
"xe, anhangusu-mixyra, gûaîxará seryba'e, kûepe i moerapûanymbyra","Eu, o que é santo, o que é grande, o que é grande, o que é grande"
"xe ker-aparar","Eu sou o que me guarda"
"o membyraragûera kûab'iré, santa maria o membyra îesus rerasóû tupãokype","Para o nascimento de Jesus, a santa Maria foi a filha de Deus"
"abá-abápe asé resé tupã mongetasaramo sekóû?","Quem é que, porventura, é o que Deus quer?"
"o ekopoxy resé, opabĩ abá mondyki","A gente está muito bem, todos são ladrões"
"iîá îaby ahẽ mã!","Que eu seja muito mau!"
"ererekomemûãpe nde rapixara mba'e?","Cometeu-lhe o que quer?"
"xe irũ a'e ã","Eu sou meu amigo"
"emonã tekoarûera îaîpe'a","Que a justiça seja destruída"
"irõ, xe îar, abebé","Eu sou, eu sou, eu sou, eu sou"
"sakûãîba'e","a sua alma"
"aîkobé n'ixé sarõana","Eu não sou muito velho"
"agûasem","Eu sou o que está"
"oîaobok serã ybŷa katupe nhẽ i moingóbo?","Que se faz com que o homem seja muito mais velho?"
"mba'easybora o mara'ara kakareme t'osenõîukar abaré, îandykaraíba nongara","A gente que tem uma grande tristeza, não tem medo de ser condenada"
"mosapy ipó xe boîáramo nde rekó ereîkuakub mokõî gûyrá sapukaî'e'ymebéne","Quando eu te fizer morrer, tu te juntas a ti como a mulher de dois homens"
"iîá omanõmo","Morreu muito"
"erenhemoatyrõpe eîegûaka nde poropotaramo?","Você é muito forte quando se apaixona?"
"a'u temõ mba'eaíba mã a'emo nhẽ xe re'õû","Comendo coisas que não me fazem ficar"
"a'epe muru'apora membyrasy kakara, na nheangûaba bé ruã?","Com a morte de seu pai, não o faz?"
"nd'e'ikatuîpe abá o mũeté resé omendá?","Não pode alguém casar-se com alguém mesmo?"
"tupã remimotara rupi","por causa da vontade de Deus"
"ereîmorype i nhe'enga mba'e-katu resé nde pûaîme?","Arrependeu-se de sua morte por causa de algo que lhe foi dito?"
"xe rybykasy","Eu tenho medo"
"xe aparĩ","Eu estou deitado"
"xe py-syryk","Eu tenho raiva"
"aîopûaî amõ abá pindoba resé","Eu tenho que ir para o lado de todos os homens"
"nd'e'i ymûanĩ ahẽ i îukábo","Não disse que o velho tinha ido para o lado dele"
"nde pó gûyrype oroîkó, nde resé oroîekoka","Com a tua mão, eu te vou buscar"
"andyrá ruãpe é?","É o que é que eu sou?"
"osó-osok","Ele sai"
"moroún oîkóbo","O que está aqui"
"xe gûyri bé","Eu sou o meu pai"
"i porang kó tupãoka, îegûakabetá rerupa!","Que bom seja este deus, que ele seja o que faz isso!"
"îori, anhanga mondyîa, oré moaûîé suí!","Sim, maldito ladrão, nós somos o que nos faz morrer!"
"xe eúme","Venha comigo"
"ybytu nde rasapápe","O mar te faz cair"
"i kunusãî abá supé onhe'enga","Sua mulher, porém, foi muito mau"
"amotare'ymbara","Eu tenho que ir para casa"
"aîpyapasá-mondeb","Eu sou o que passa"
"itá kasara","a caça de pedra"
"tatá-endy-etá, asé apekũ abŷare'yma anhõ osepîak","Queimando-se, por isso, o que faz o homem ser mau"
"i îukapyrûere'yma","Ele é muito velho"
"o îoasykûera ri îasûaramo i îogûerekóû","Ele foi para a terra, para que ela fosse para sua terra"
"kybõ-ngoty bé","a queima de água"
"a-putu'uma","Eu tenho que ir"
"ereîaîubãpe kunhã amõ?","Não te tiraste de mim?"
"tá-tyba","cidade-estrela"
"s pedro itangapema osekyî i nambi mondoka","São Pedro, o que é o homem, roubou sua espada"
"aîpĩ-pin","Eu estou de pé"
"miapé îyba","Que o queima"
"t'oroîkó nde ypype nhẽ, oré sumarã mondyîa","Tu, primeiro, nos trazes, nos trazendo para o inferno"
"nde arũaípe nde rapixara 'arybo eîupa?","Tu, em tua casa, estás a ser o que te quer?"
"eîori xe moîegûaka","Venha para me fazer morrer"
"a'epe i moîypa, i gûabo","Eu sou seu pai, seu pai"
"xe robyr","Eu sou o que me faz"
"îamanõ îepémo serã sepîakagûera abá supé mombe'u e'ymebémo","A gente tem que ser muito mais forte para que o homem seja mais forte"
"erema'ẽ-nhemomotarype amõ rapopé reséno?","Vês, porventura, o que é que fazemos?"
"a'epe cristãos tupã nhe'enga abŷara, marã?","Que os cristãos não são mais do que os deuses, pois não?"
"xe apỹî","Eu sou o meu pai"
"onheangerekóbo o angaîpagûera resé","Ele se envergonhou de seu pecado"
"xe apu'a","Eu estou a morrer"
"kunhã'yba xe raûsu","A minha vida é a minha vida"
"t'oropyk","O que é que é que é"
"tupã boîáramo nhõ oîkó-potá","Deus é bom, porém, para que seja bom"
"omanõ îepémo oîemongaraíb'e'ymebé re'a","Morreu mesmo, não sendo batizado"
"oîmoasype a'e riré a'e 'ybá 'uagûera?","Que mal é que eu tenha feito depois de ter ido para o céu?"
"oré raûsubá îepé","Nós somos muito velhos"
"tó! aîpó n'i papasabi, kûarasymo oîké îepémo!","Não é o que é o papasabi, o que é o que é o papás!"
"seîmbaba rekobîáramo amõ aîme'eng i xupé","Se todos os que estão em paz, eu os vou matar"
"mamõpe tupã rekóû?","Que Deus tem?"
"reîamo ereîkó tenhẽ, setá tenhẽ nde boîá, xe-te t'oroporaká","Se tu te vires, para que te deixes levar, eu sou o que te faz bem"
"araíba","o diabo"
"tupã resápe ã xe rekóû","A vida minha é diante de Deus"
"oîkuapá-me'eng umûãpe îudas îandé îara îudeus supé erimba'e?","Que tal o homem que foi judeu, por causa de seu nome, ser judeu?"
"mamõpe ybŷá îandé îara rerobasemi ko'yté?","Que dia é que o homem vai para a terra?"
"n'oîeruré-pytubari tupã supé ogûenosemarûera resé","Não querendo que Deus nos dê o seu nome"
"îukyruru","a sua boca"
"xe n'aîu-potari biã, karaíba moabaîtébo","Não sou eu que me engano, o que é o rei"
"n'a'ekatuî","Não pecar"
"xe pykûab","Eu estou deitado"
"mba'epe asé moesãîndaba a'ereme?","Que é que eu tenho de fazer?"
"n'aker-angáî sekasápe","Não se afaste de nada"
"i pyrybé perobîá","Ele é o que faz com que ele seja"
"xe só îarameté","Eu sou só o que está a fazer isso"
"tobá kuruba","a sua cabeça"
"asatapyĩ'ok","Eu estou a chorar"
"ambyasybora poîa","Eu sou muito mau"
"akûeîme, i apyrasapa, xe nde moingosaba é","Em minha cabeça, em sua boca, eu te vou mandando"
"îarekó é rakó mba'e-katu i poxyba'e suí i mouruébo","Que o que tem o que é o que é o que é o que é o que é o que é o que é o que é o que é o que é o que é o que é o que é o que é o que é o que é o que é o que é o que é o que é o que é o que é o que é o que é o que é o que é o que é o que é o que é o que é o que é o que é o que é o que é"
"marãmo ahẽ rekóû o mba'e-katuramo xe suí?","Quem é que me faz ir para o céu, para que eu seja capaz?"
"kunhãmuku rygépe pitangamo onhemonhanga","Na terra de Deus, o homem se encheu"
"o puru'a îuká potá mosanga o'uba'e","Ele limpou a cabeça de seu pai, fazendo-o ficar"
"abaîuru-apẽ","Eu tenho que ir"
"t'oú îandé pytybõmo xe rybyra","A gente está muito escura, minha irmã"
"emonãnamo serã tupã îandé rubypy arukangûera nhẽ monhangi semirekó retéramo?","Acreditas que Deus, por sua vez, é o que faz com que o homem seja o homem de Deus?"
"eremombûeîrá mara'abora","Enaltece-os com a maravilha"
"paresaramo aîkó","Se nós nos envergonhamos"
"ereîtykype kunumĩ amõ nde abiîxûara nde 'arybo moropotara suí?","Não te tiraste de ti, para que te deixes levar para tua casa, para que te deixes levar?"
"abá sosé pabẽ i momorangi","O que é que é o que é o que é o que é o que é o que é o que é o que é o que é o que é o que é o que é o que é o que é o que é o que é o que é o que é o que é o que é o que é o que é o que é o que é o que é o que é o que é"
"xe ru'um","Meu pai"
"peîori, xe irũ-etá","Vão, meus amigos"
"aûîé ipó xe rapixara mba'e-katuramo","Eu tenho o que eu tenho de fazer para me livrar"
"erasó esapy'a","Tu és o que me faz sentir"
"ygara rokytá","porta do mar"
"aîatyb","Eu estou deitado"
"kó yby'apapesûara","Esta água é muito forte"
"xe îetu'u ra'yrûera anhemonhang i pupé","Eu sou o filho de um homem que tem medo de ele"
"na xe reroŷrõî îepé","Não me deixes ficar"
"mytamytá-ypy","o que é o que é o que é o que é o que é o que é o que é o que é o que é o que é o que é o que é o que é o que é o que é o que é o que é o que é o que é"
"aîmombe'uaíb","Eu disse-o"
"t'oú, nde îeruresápe, tupã oré moorypa","Vem, para tua casa, Deus nos abençoou"
"inĩ-ytá","a sua cabeça"
"sugûy mombukapa, îaînupã-nupã","A gente está muito longe, muito longe"
"tekopûera t'aîpe'a t'aîkó umẽne marani","A vida é a que se vai embora"
"kó 'ara marãtekoabe'yma","Esta é a primeira vez que o homem vai"
"yby abé a'ereme onhemonguébo, oryryîane","Se o mar se encher de água, nos encherá"
"y-pûã","água"
"amõ karaíba mosakara","Eu sou o que faz o homem"
"ara kó tekó aûîesaba cristãos rorybe'ymamo","Esta é a vida que eu tenho como cristãos"
"aporomoebykatã","Eu tenho de fazer isso"
"xe rapi'agûasu","Eu sou muito bom"
"omonhe'enguká temõ tupã te'õmbûera!","Que o que está fora de Deus é o que está fora de Deus!"
"gûeté-marane'yma","O que é que é o que é o que é o que é o que é o que é o que é o que é o que é o que é o que é o que é o que é o que é o que é o que é o que é o que é o que é o que é o que é"
"nandé rakó asé îeupiri ybakypene, o posyîusu reîtyk'iré","Não nos deixamos levar para o céu, para que nos deixemos"
"tatobapyygûara","o que é o que é o que é o que é o que é o que é o que é o que é o que é o que é o que é o que é o que é o que é o que é o que é o que é"
"mba'e-poxy koty onhe'engaíbamo","O que é que a casa de coisas boas é queima"
"mokyrana'yra","filho de um homem"
"morobaîaramo aîkó","Eu sou um homem"
"-eresekyîpe îuraragûaîa abá supé i motĩbyka?","Não te esqueceste de que o homem se apaixona por seu filho?"
"oîeí bé muru kaî","Há muito bem o que está"
"sasy-eté ahẽ osóbo - é doloroso ir-se fulano sasy-eté ahẽ oure'yma ixé o enõîndápe","Com dor, fui para ele - o que é doloroso é que o irmão fulano, com dor, foi para ele"
"ereîkópe kunhã resé abá remiandubamo?","Você tem algum motivo para se lembrar?"
"ereîpytybõpe abá mondá resé?","Estais na terra de alguém que rouba?"
"aîmondó-momo","Eu sou muito"
"rerityba, xe retama, tabangaturãngatu","Tu, meu corpo, és o que me faz morrer"
"nde rera","Tu estás morto"
"nd'e'i te'e abá tekokatu potasara og o'opore'yma, i moîekuakupa","Não disse que a vida de qualquer homem se tornou mais boa, seu pai"
"o mba'e, nipó, asé o py'a pupé saûsubi","Tudo, mesmo, é o que faz com que o homem seja saudoso"
"aroten","Eu sou o homem"
"kó tabyîara ndaeté i poraûsubari","Esta árvore não é muito boa"
"asapy tatapynha","O que é o que é o que é o que é o que é o que é o que é o que é o que é o que é o que é o que é o que é o que é o que é o que é o que é o que é o que é o que é"
"mba'e-takó?","Que coisa?"
"a'epe marã asé rekóû o îeaûsuba îabé-katu o apixara raûsupa?","Como é que a vida de alguém, por sua vez, é que ele é o que mais o faz?"
"aîepîar","Eu estou muito feliz"
"abá resé nhoamotare'yma rerekouká abá supé","A gente não tem que ser muito boa"
"sekoaba nhẽpe?","Em meio a uma escova?"
"xe poronupã îaby","Eu sou muito bom"
"aî'a-kok","Eu estou com raiva"
"ybytyra monte calvário 'îápe","A terra no monte do calvário"
"nd' eré mõ tenhẽ umẽ abá resé","Não te deixes levar por alguém"
"o'a îandébo kori","Ele foi para a terra"
"oporoîrarõ mbá","Ele é muito grande"
"a'e xe rekotebẽsaba oîme'eng ixébene","Eu sou o que me faz sentir bem"
"yby kûara","o queimado do mar"
"abá ra'angaba","o que é o que é o que é o que é o que é o que é o que é o que é o que é o que é o que é o que é o que é o que é o que é o que é o que é"
"arybo","ano de vida"
"aîepotar","Eu estou a fazer isso"
"sebira aîpetek","Eu sou muito forte"
"t'arasó pá xe ratápe","Encostou-o em meu fogo"
"aîorab","Eu sou o que o faz"
"kûé-kûeîpe é","Eu sou o que está no meio"
"t'oroîtyk oré poxy, paîé rerobîare'yma, moraseîa, mbyryryma","A gente está muito feliz, muito feliz, muito feliz, muito feliz"
"xe mokõ kori, îandune","Eu sou um dos dois, o que é"
"xe-te xe mboú kori pe moanhana, pe mondóbo ikó setama suí","Eu sou o que me faz ir para o inferno, o ladrão é o que faz ir para o inferno"
"arasó-rasó-a'ub","Eu sou muito mau"
"xe karu","minha casa"
"îori sekyîa taûîé i py suí","Ele é o que faz com que as pessoas se afastem"
"aîmoîekûer","Eu tenho de ser"
"penheŷnhang pabẽ sesé!","Que sejamos sem o que vos faz!"
"a'é muruangaba","Eu sou o homem de Deus"
"xe nhe'ẽ-mby'i","Eu sou muito mau"
"i nhe'engasy n'opabi","Sua maldade não se afasta"
"xe rygynõ","Eu sou o meu pai"
"kunhã resé nde posaûsub'iré ereîmborype sesé nde posaûsubagûera?","Como é que tu, ao te afastar de ti, te afligires de ti mesmo?"
"aîpo'o","Eu estou com o queixo"
"abur","aburro"
"marã e'ipe kunhã okena rerekoara s pedro supé?","Que foi o que fez com que o rei Pedro fosse para a porta?"
"nde resé memẽ oroîkó","Tu és o que nos faz morrer"
"nha'uma suí i monhangymbyra","Não se esqueça de seu filho"
"asobaún","Eu estou a bater"
"ereroker-etápe îoamotare'yma?","Vós, porventura, vos apoderastes de vós?"
"xe resagûyryb","Eu sou o que me arrependia"
"kapi'i sosé kó tuî","O que é que é este velho"
"îagûara'yra","Ele é o filho de Deus"
"ikó îope'asagûera","Ele é que o faz"
"xe tekoaraibor gûitekóbo","Eu sou o que me faz sentir mal"
"ybakygûara","o que é o mar"
"mba'e rerosapukaîtara","Que nos faz perder"
"sesé nhẽ aîekotyá","Eu tenho que ir"
"eîpy-tybyrok xe roka","Estigam-se em minha boca"
"emonã îé abá rekóû raẽ","Acredita-o antes de tudo"
"xe ratá-te ogûé!","Eu só tenho uma arma!"
"nde nheangûaba bé irumõ-rumõmo","Tu estás muito triste, mesmo que seja o teu irmão"
"pitangĩ repîaka'upa, aîur xe roka suí","Que Deus seja poderoso, eu me enfiarei em seu lugar"
"tupã oîmonhyrõ o îoupé setá nhẽ seîxutatá tekoangaîpaba repy-mondykápe","Deus, por sua vez, fez com que o homem fosse salvo do pecado"
"oka'ugûasu pabẽ, apŷaba kunhã ndibé","Desceu para o lado, sem que ninguém o tenha"
"eva onhemomotareté 'ybá-poranga resé iî ykyébo","A gente tem que fazer o que é bom para Deus"
"nd'osóîpe i boîá amõ sakypûeri?","Não foi para ele, porventura, o que foi feito?"
"xe robaké aîpó i 'éû","Eu tenho de fazer o que é bom"
"anhemonhang a'eramo - converti-me naquilo anhemonhang gûyráramo","Eu me enfiarei - convertido em naquilo como enfiado de um homem"
"tupã osaûsupe'a, sesé oîerobîá-bebuîa","Deus é o que faz isso, é o que faz isso"
"kûarasy abiã oporomo'y'useî-eté, memetaé tatápe oína abá o'useî-etéramo","O que é muito forte, é que o que é muito forte, é que o que é forte, é que o que é forte, é que o que é forte, é que o que é forte"
"ereîoîaîpe abá amõ?","Vós, porventura, vc vc vc vc vc vc vc vc vc vc vc vc vc vc vc vc vc vc vc vc vc vc vc vc vc vc vc vc vc vc vc vc vc vc vc vc vc vc vc vc vc vc vc vc vc vc vc vc vc vc vc vc vc vc vc vc vc vc vc v"
"mo'yrobyeté sepîakypyre'yma","O que é que é o que é o que é o que é o que é o que é o que é o que é o que é o que é o que é o que é o que é o que é o que é o que é o que é o que é o que é o que é o que é o que é o que é o que é o que é o que é o que é o que é"
"îasepîak îepi i pypora","Ele é muito bom com sua cabeça"
"xe rugûy-syryk","Meu pai-de-ferro"
"a'epe xe soagûama","Eu sou o meu pai"
"u'ubae'ẽ kambykaba","a camada de um homem"
"aîma'e'ĩ","Eu já estou"
"n'asendube'ym-a'ubi - fiz que não o ouvi n'asepîake'ym-a'ubi","Não entendo que o que faz mal é mau, pois não o faz mal"
"our ko'emytanga","Nosso corpo está em estado de morte"
"memẽ nhẽ moxy îandébo marã e'i-memûã-memûã","A gente tem que ser muito boa para a gente"
"esendu","Eu ouço"
"aîpi 'y","Eu sou o que está"
"t'eresó rõ nde ratápe, aûîerama t'ereîub moreaûsuba monhangápe","Tu te tiras de tua boca, já que te tiraste de tua boca"
"xe îuru-îaî","Eu sou o que me faz andar"
"i pitangĩ mokambûabo","a sua alma, a sua alma"
"aybysosok","Eu sou muito conhecido"
"osobasápe asé o emi'urama?","Que dia é que eu vou?"
"na xe reroŷrõî sygûaraîybora","Não me deixes levar a minha vida"
"îaîmomboreaûsu ro'y","O frio de uma mulher"
"anhagûã-nhagûãî","O que é que é que é que é que é"
"oîkó kûepe mba'e resé nde ma'enduara enhemongetábo ekupa?","Que tem de fazer o homem para guardar sua alma?"
"aîkoé","Eu sou"
"n'oîkotebẽî amõba'e","Não é preciso que eu seja"
"ixé n'aîeîyî i xuí","Ele não tem a cabeça"
"oîrarõ, oîmoanhã satápe","Se estiverem, não estarão no céu"
"anheté a'é","Eu sou muito"
"turusu bé'ĩ","Deus é bom"
"miîukae'yma","a morte de um homem"
"nd'e'ikatu béî aîpó i pe'apyra'uba missa renduba resé","Não posso fazer nada para que o povo seja consagrado à missa"
"n'aîkóî sesé ko'yté","Não tenho nada de mais"
"ta xe pysyrõ marãtekó suí","Que eu seja salvo com a sua alma"
"xe rakûanhaíb","Eu sou o que escreve"
"yby rupi bépe sugûy syryki?","Por meio do mar, por que é que o homem é morto?"
"esokendabok nde roka","Escolhei tua pedra"
"mba'e abépe asé 'anga remi'u?","Que é que eu faço para comer a carne?"
"xe mendûera ipó re'ĩ","Eu tenho a minha alma"
"aîpó turi","Eu sou muito velho"
"t'arasó pá xe ratápe sembiaûsuba resebé","A minha alma está em minha boca"
"oobapybo aîub","Eu tenho de ir"
"esepîak xe mara'ara t'eresaûsubar xe 'anga","Que o meu Senhor me dê o seu nome"
"oré apûanã","Nós somos os que nos afastamos"
"ybyramo i moingó-ukare'yma","O mar é o que faz com que ele se torne"
"koromõ, keygûara temiminõ moaûîébo, asapekóne","A gente, que tem uma vida de vida, vai ficar"
"xe remirekoe'õ","minha mulher"
"naetenhẽ ã tekotebẽ xe 'anga apypyki","Não me deixei levar a minha alma para a verdade"
"tera'ute oú","A gente veio"
"xe aterẽ","Eu estou chorando"
"ybaka rasapa osó, nde reîá","O que está na terra, tu o trazes"
"xe apebĩ","Eu estou de pé"
"endé, nde îybápe, îesu eresupi i poîa-mirĩ nde kama pupé","Tu, em tua casa, Jesus te fez subir suas mãos para o teu quarto"
"i nhe'enga mombegûara","A sua boca está longe"
"erekopîasópe domingo koîpó 'areté amõ pupé?","A gente vai fazer o domingo hoje, por onde?"
"aîpé-'ok","Eu sou o que é"
"marãete'ĩpe jesus o enosẽme?","Jesus veio mesmo para nós?"
"xe rura agûerabé","Eu sou o que me faz cair"
"i ara'a îagûara îá, îandé rakypûemboú","Sua hora é muito boa, sua vida é muito boa"
"oú bé senha'ẽpepó t'omoîy xe renondé","Vim, mesmo antes de mim, para me fazer cair"
"itá karamemûã pupé i nongi","O que é o que é o que é o que é o que é o que é o que é o que é o que é o que é o que é o que é o que é o que é o que é o que é o que é o que é o que é o que é o que é o que é o que é o que é o que é o que é o que é"
"anhopan","Eu vou"
"xe tegûam","Eu sou o homem"
"aîpitupuku","Eu estou muito"
